Date,Team_1_Name,Team_2_Name,Team_1_pitcher_name,Team_2_pitcher_name,Team_1_Lineup,Team_2_Lineup,Team_1_Score,Team_2_Score,Win_team
2020-05-05,두산,LG,알칸타라,차우찬,박건우 허경민 오재일 김재환 페르난데스 김재호 박세혁 오재원 정수빈 ,이천웅 정근우 김현수 라모스 채은성 박용택 김민성 유강남 오지환 ,2,8,1
2020-05-05,한화,SK,서폴드,킹엄,이용규 정은원 호잉 이성열 송광민 김태균 정진호 최재훈 하주석 ,노수광 고종욱 최정 로맥 한유섬 윤석민 이재원 김창평 정현 ,3,0,0
2020-05-05,롯데,KT,스트레일리,데스파이네,민병헌 전준우 손아섭 이대호 안치홍 정훈 마차도 한동희 정보근 ,심우준 김민혁 강백호 유한준 로하스 황재균 박경수 장성우 배정대 ,7,2,0
2020-05-05,NC,삼성,루친스키,백정현,박민우 알테어 나성범 양의지 박석민 모창민 노진혁 김성욱 이명기 ,김헌곤 구자욱 살라디노 이원석 김상수 김동엽 강민호 박해민 이성규 ,4,0,0
2020-05-05,키움,KIA,브리검,양현종,서건창 김하성 이정후 박병호 이택근 이지영 모터 임병욱 박준태 ,최원준 김선빈 터커 최형우 장영석 유민상 나지완 한승택 박찬호 ,11,2,0
2020-05-06,두산,LG,이영하,송은범,박건우 페르난데스 오재일 김재환 최주환 김재호 박세혁 허경민 정수빈 ,이천웅 정근우 김현수 라모스 채은성 박용택 김민성 유강남 오지환 ,5,2,0
2020-05-06,한화,SK,임준섭,핀토,이용규 정은원 호잉 이성열 송광민 김태균 정진호 최재훈 하주석 ,김강민 윤석민 최정 로맥 정의윤 한유섬 이재원 김창평 정현 ,2,5,1
2020-05-06,롯데,KT,서준원,쿠에바스,민병헌 전준우 손아섭 이대호 안치홍 정훈 마차도 한동희 정보근 ,심우준 김민혁 강백호 유한준 로하스 황재균 박경수 장성우 배정대 ,9,4,0
2020-05-06,NC,삼성,라이트,라이블리,박민우 알테어 나성범 양의지 박석민 모창민 노진혁 김성욱 이명기 ,박해민 김동엽 구자욱 살라디노 김상수 이원석 김헌곤 강민호 이성규 ,4,3,0
2020-05-06,키움,KIA,요키시,브룩스,서건창 김하성 이정후 박병호 이택근 박동원 모터 임병욱 박준태 ,박찬호 김선빈 터커 이우성 최형우 장영석 황윤호 한승택 최원준 ,3,2,0
2020-05-07,두산,LG,플렉센,정찬헌,박건우 페르난데스 오재일 김재환 최주환 김재호 박세혁 허경민 정수빈 ,이천웅 정근우 김현수 라모스 채은성 박용택 김민성 유강남 오지환 ,9,3,0
2020-05-07,한화,SK,장시환,박종훈,정은원 정진호 호잉 이성열 송광민 김태균 하주석 최재훈 이용규 ,정진기 고종욱 최정 로맥 한유섬 정의윤 이재원 김창평 정현 ,8,4,0
2020-05-07,롯데,KT,박세웅,배제성,민병헌 전준우 손아섭 이대호 안치홍 정훈 마차도 한동희 정보근 ,심우준 김민혁 강백호 유한준 로하스 황재균 박경수 장성우 배정대 ,7,3,0
2020-05-07,NC,삼성,구창모,뷰캐넌,박민우 이명기 나성범 양의지 모창민 노진혁 권희동 김태진 김성욱 ,김동엽 구자욱 살라디노 이원석 김상수 이성규 최영진 강민호 박해민 ,8,2,0
2020-05-07,키움,KIA,최원태,이민우,서건창 김하성 이정후 박병호 박동원 김혜성 모터 임병욱 박준태 ,최원준 박찬호 김선빈 최형우 터커 나지완 유민상 장영석 백용환 ,5,8,1
2020-05-08,KT,두산,소형준,유희관,심우준 김민혁 강백호 유한준 로하스 황재균 박경수 장성우 배정대 ,박건우 페르난데스 오재일 김재환 최주환 김재호 박세혁 허경민 정수빈 ,12,3,0
2020-05-08,한화,키움,장민재,이승호,정은원 정진호 호잉 이성열 송광민 김태균 오선진 이해창 이용규 ,서건창 김하성 이정후 박병호 박동원 김규민 모터 임병욱 이지영 ,3,5,1
2020-05-08,KIA,삼성,가뇽,최채흥,박찬호 황윤호 김선빈 터커 최형우 나지완 유민상 한승택 최원준 ,박해민 김동엽 구자욱 살라디노 김상수 이원석 김헌곤 김응민 이성규 ,0,5,1
2020-05-08,SK,롯데,문승원,노경은,정진기 고종욱 최정 로맥 한유섬 채태인 이현석 김창평 정현 ,민병헌 전준우 손아섭 이대호 안치홍 정훈 마차도 신본기 김준태 ,8,9,1
2020-05-08,LG,NC,윌슨,이재학,이천웅 정근우 김현수 라모스 채은성 박용택 김민성 유강남 오지환 ,박민우 이명기 나성범 양의지 모창민 노진혁 권희동 김태진 김성욱 ,5,13,1
2020-05-09,한화,키움,김이환,한현희,정진호 정은원 호잉 이성열 송광민 오선진 하주석 최재훈 장진혁 ,서건창 김하성 이정후 박병호 이택근 박동원 모터 임병욱 박준태 ,3,5,1
2020-05-09,KIA,삼성,임기영,원태인,최원준 김선빈 터커 최형우 장영석 유민상 박찬호 최정용 백용환 ,박해민 김동엽 김상수 살라디노 이원석 김헌곤 강민호 박찬도 이성규 ,2,14,1
2020-05-10,KT,두산,김민,이용찬,심우준 김민혁 강백호 유한준 로하스 황재균 박경수 장성우 배정대 ,박건우 페르난데스 오재일 김재환 최주환 김재호 박세혁 허경민 정수빈 ,12,13,1
2020-05-10,한화,키움,서폴드,브리검,정진호 이용규 호잉 이성열 김태균 오선진 하주석 최재훈 김회성 ,서건창 김하성 이정후 박병호 임병욱 이지영 모터 김혜성 박준태 ,3,6,1
2020-05-10,KIA,삼성,양현종,백정현,박찬호 김선빈 터커 최형우 장영석 나지완 나주환 한승택 최원준 ,박해민 김동엽 김상수 살라디노 이원석 김헌곤 강민호 이성규 김성표 ,12,3,0
2020-05-10,SK,롯데,김태훈,스트레일리,정진기 고종욱 최정 로맥 한유섬 정의윤 이홍구 김창평 김성현 ,민병헌 전준우 손아섭 이대호 안치홍 정훈 마차도 한동희 정보근 ,0,4,1
2020-05-10,LG,NC,켈리,김영규,이천웅 김현수 채은성 라모스 김민성 박용택 오지환 유강남 정주현 ,박민우 이명기 나성범 양의지 알테어 박석민 노진혁 이원재 김준완 ,10,8,0
2020-05-12,SK,LG,킹엄,차우찬,김강민 윤석민 최정 로맥 정의윤 한유섬 이현석 김창평 김성현 ,이천웅 김현수 채은성 라모스 김민성 박용택 정근우 유강남 오지환 ,5,9,1
2020-05-12,삼성,키움,라이블리,요키시,김헌곤 김동엽 김상수 이원석 살라디노 이학주 강민호 박해민 박찬도 ,서건창 김하성 이정후 박병호 박동원 임병욱 모터 김혜성 박준태 ,2,3,1
2020-05-12,KIA,한화,브룩스,김민우,최원준 박찬호 김선빈 터커 최형우 장영석 유민상 나지완 한승택 ,정진호 이용규 호잉 이성열 송광민 김태균 하주석 최재훈 오선진 ,2,1,0
2020-05-12,두산,롯데,알칸타라,장원삼,박건우 페르난데스 오재일 김재환 최주환 김재호 박세혁 허경민 정수빈 ,민병헌 전준우 손아섭 이대호 안치홍 정훈 마차도 한동희 정보근 ,11,6,0
2020-05-12,KT,NC,데스파이네,루친스키,심우준 김민혁 강백호 유한준 로하스 황재균 박경수 장성우 배정대 ,박민우 이명기 나성범 알테어 박석민 노진혁 이원재 김태군 김준완 ,6,7,1
2020-05-13,SK,LG,핀토,임찬규,정진기 고종욱 최정 로맥 한유섬 정의윤 이현석 김창평 정현 ,이천웅 김현수 채은성 라모스 김민성 박용택 정근우 유강남 오지환 ,2,14,1
2020-05-13,삼성,키움,뷰캐넌,최원태,김헌곤 박해민 김동엽 살라디노 김상수 이원석 이학주 강민호 박찬도 ,서건창 김하성 이정후 박병호 박동원 임병욱 모터 김혜성 박준태 ,5,0,0
2020-05-13,KIA,한화,이민우,장시환,최원준 김선빈 터커 최형우 나지완 유민상 백용환 황윤호 박찬호 ,정진호 하주석 송광민 호잉 김태균 이성열 오선진 최재훈 이용규 ,4,3,0
2020-05-13,두산,롯데,이영하,서준원,박건우 페르난데스 오재일 김재환 오재원 김재호 박세혁 허경민 정수빈 ,정훈 전준우 손아섭 이대호 안치홍 마차도 한동희 추재현 정보근 ,9,10,1
2020-05-13,KT,NC,쿠에바스,라이트,심우준 김민혁 강백호 유한준 로하스 황재균 박경수 장성우 배정대 ,박민우 이명기 나성범 양의지 박석민 알테어 노진혁 이원재 김성욱 ,4,5,1
2020-05-14,SK,LG,박종훈,윌슨,정진기 오준혁 최정 로맥 한유섬 정의윤 이홍구 김창평 정현 ,이천웅 김현수 채은성 라모스 김민성 박용택 오지환 유강남 정주현 ,2,3,1
2020-05-14,삼성,키움,최채흥,이승호,김상수 김동엽 이성규 이원석 이학주 김헌곤 박해민 김응민 박찬도 ,김혜성 김하성 이정후 박병호 이택근 이지영 김규민 임병욱 전병우 ,8,5,0
2020-05-14,KIA,한화,가뇽,장민재,최원준 박찬호 김선빈 터커 최형우 나지완 유민상 장영석 한승택 ,정진호 하주석 호잉 이성열 송광민 오선진 장진혁 이해창 정은원 ,1,4,1
2020-05-14,두산,롯데,플렉센,박세웅,박건우 페르난데스 오재일 김재환 최주환 김재호 허경민 정상호 정수빈 ,민병헌 전준우 손아섭 이대호 안치홍 마차도 한동희 추재현 정보근 ,7,4,0
2020-05-14,KT,NC,배제성,구창모,심우준 강백호 로하스 유한준 황재균 박경수 김민혁 장성우 배정대 ,박민우 알테어 나성범 양의지 박석민 노진혁 권희동 김태진 강진성 ,0,1,1
2020-05-15,NC,SK,이재학,문승원,박민우 이명기 나성범 알테어 강진성 노진혁 이원재 김태군 김태진 ,정진기 오준혁 한유섬 로맥 정의윤 윤석민 김창평 이홍구 정현 ,6,2,0
2020-05-15,삼성,KT,원태인,소형준,김상수 김동엽 구자욱 이원석 이학주 이성규 김헌곤 강민호 박찬도 ,심우준 김민혁 강백호 유한준 로하스 황재균 박경수 장성우 배정대 ,6,14,1
2020-05-15,롯데,한화,스트레일리,김이환,민병헌 전준우 안치홍 이대호 정훈 마차도 추재현 한동희 정보근 ,정진호 정은원 하주석 이성열 송광민 오선진 장진혁 최재훈 이동훈 ,1,2,1
2020-05-15,두산,KIA,유희관,임기영,박건우 페르난데스 오재일 김재환 최주환 김재호 박세혁 허경민 정수빈 ,박찬호 김선빈 터커 최형우 나지완 백용환 나주환 황윤호 최원준 ,13,4,0
2020-05-16,키움,LG,브리검,켈리,서건창 김하성 이정후 박병호 이지영 김혜성 김주형 임병욱 박준태 ,이천웅 김현수 채은성 라모스 김민성 박용택 오지환 유강남 정주현 ,1,3,1
2020-05-16,NC,SK,김영규,김태훈,이상호 이명기 나성범 알테어 박석민 권희동 강진성 김태군 김찬형 ,김강민 정의윤 최정 로맥 한유섬 남태혁 이홍구 김창평 정현 ,2,1,0
2020-05-16,삼성,KT,윤성환,김민,김상수 김동엽 구자욱 이원석 이학주 박계범 박해민 김응민 박승규 ,심우준 김민혁 강백호 유한준 로하스 황재균 박경수 장성우 배정대 ,4,10,1
2020-05-16,롯데,한화,노경은,서폴드,민병헌 전준우 손아섭 이대호 안치홍 허일 마차도 한동희 김준태 ,정진호 정은원 하주석 이성열 송광민 오선진 장진혁 최재훈 이동훈 ,5,1,0
2020-05-16,두산,KIA,이용찬,양현종,박건우 페르난데스 오재일 김재환 최주환 김재호 허경민 정상호 정수빈 ,박찬호 김선빈 터커 최형우 나지완 최원준 황윤호 유민상 한승택 ,4,13,1
2020-05-16,키움,LG,한현희,정찬헌,서건창 김하성 이정후 박병호 박동원 임병욱 이택근 김혜성 박준태 ,이천웅 김현수 박용택 라모스 홍창기 오지환 정주현 박재욱 백승현 ,3,5,1
2020-05-17,키움,LG,요키시,차우찬,서건창 김하성 이정후 박병호 이택근 박동원 김혜성 이지영 박준태 ,이천웅 김현수 채은성 라모스 정근우 유강남 정주현 구본혁 백승현 ,9,4,0
2020-05-17,NC,SK,루친스키,백승건,박민우 알테어 나성범 양의지 박석민 강진성 노진혁 권희동 김준완 ,정진기 오준혁 로맥 한유섬 최정 김강민 이홍구 김창평 김성현 ,11,5,0
2020-05-17,삼성,KT,라이블리,데스파이네,김지찬 김동엽 이학주 이원석 박계범 박해민 강민호 박찬도 박승규 ,심우준 김민혁 조용호 강백호 로하스 황재균 박승욱 강현우 배정대 ,2,9,1
2020-05-17,롯데,한화,이승헌,김민우,민병헌 전준우 손아섭 이대호 안치홍 마차도 한동희 허일 정보근 ,정진호 정은원 하주석 이성열 김태균 김문호 최재훈 김회성 장진혁 ,4,5,1
2020-05-17,두산,KIA,알칸타라,브룩스,박건우 페르난데스 오재일 김재환 최주환 김재호 허경민 정상호 정수빈 ,박찬호 김선빈 터커 최형우 나지완 최원준 황윤호 유민상 백용환 ,6,4,0
2020-05-19,NC,두산,라이트,이영하,박민우 알테어 나성범 양의지 박석민 노진혁 강진성 이명기 권희동 ,박건우 페르난데스 오재일 김재환 최주환 김재호 박세혁 허경민 정수빈 ,5,4,0
2020-05-19,SK,키움,핀토,최원태,김강민 오준혁 로맥 한유섬 최정 정의윤 이홍구 김창평 정현 ,서건창 김하성 이정후 박병호 이택근 박동원 김혜성 이지영 박준태 ,6,11,1
2020-05-19,한화,KT,장시환,쿠에바스,정은원 김문호 정진호 이성열 김태균 송광민 최재훈 노시환 장진혁 ,심우준 김민혁 조용호 강백호 로하스 황재균 박경수 장성우 배정대 ,11,13,1
2020-05-19,LG,삼성,임찬규,뷰캐넌,이천웅 김현수 채은성 라모스 김민성 박용택 오지환 이성우 정주현 ,김상수 김동엽 구자욱 이원석 이학주 살라디노 박계범 강민호 박해민 ,10,6,0
2020-05-19,롯데,KIA,서준원,이민우,민병헌 손아섭 전준우 이대호 안치홍 마차도 한동희 정보근 신본기 ,박찬호 김선빈 터커 최형우 나지완 최원준 황대인 황윤호 한승택 ,2,9,1
2020-05-20,NC,두산,구창모,플렉센,박민우 알테어 나성범 양의지 박석민 노진혁 강진성 권희동 이명기 ,박건우 페르난데스 오재일 김재환 최주환 김재호 허경민 정수빈 정상호 ,1,2,1
2020-05-20,SK,키움,박종훈,이승호,김강민 정의윤 최정 로맥 한유섬 남태혁 이홍구 김창평 김성현 ,서건창 김하성 이정후 박병호 김혜성 이택근 김규민 이지영 박준태 ,5,3,0
2020-05-20,한화,KT,장민재,배제성,정은원 이용규 김문호 이성열 송광민 정진호 이해창 박한결 노태형 ,심우준 김민혁 조용호 강백호 로하스 황재균 박경수 장성우 배정대 ,1,8,1
2020-05-20,LG,삼성,윌슨,최채흥,이천웅 김현수 채은성 라모스 김민성 정근우 오지환 유강남 정주현 ,김상수 김동엽 구자욱 이원석 이학주 살라디노 김헌곤 김응민 박해민 ,1,3,1
2020-05-20,롯데,KIA,스트레일리,가뇽,민병헌 전준우 손아섭 이대호 안치홍 마차도 한동희 정보근 신본기 ,박찬호 김선빈 터커 최형우 나지완 최원준 황대인 나주환 한승택 ,0,6,1
2020-05-21,NC,두산,이재학,유희관,박민우 이명기 나성범 양의지 권희동 노진혁 강진성 알테어 김태진 ,박건우 김인태 페르난데스 최주환 오재원 김재호 박세혁 허경민 정수빈 ,12,6,0
2020-05-21,SK,키움,문승원,한현희,노수광 오준혁 로맥 한유섬 정진기 최정 김창평 이홍구 김성현 ,서건창 김하성 이정후 박병호 박동원 이지영 김혜성 변상권 박준태 ,8,9,1
2020-05-21,한화,KT,김이환,소형준,정진호 정은원 호잉 이성열 김문호 송광민 최재훈 노시환 이용규 ,심우준 김민혁 조용호 강백호 로하스 박경수 배정대 장성우 김병희 ,9,4,0
2020-05-21,LG,삼성,이민호,원태인,이천웅 김현수 채은성 라모스 김민성 박용택 정근우 유강남 오지환 ,김상수 김동엽 구자욱 이원석 이학주 김헌곤 살라디노 강민호 박해민 ,2,0,0
2020-05-21,롯데,KIA,박세웅,임기영,민병헌 손아섭 전준우 이대호 안치홍 마차도 김동한 정보근 신본기 ,박찬호 김선빈 터커 최형우 나지완 최원준 황대인 나주환 백용환 ,1,6,1
2020-05-22,KT,LG,데스파이네,켈리,심우준 김민혁 조용호 로하스 박경수 배정대 장성우 김병희 박승욱 ,이천웅 김현수 채은성 라모스 박용택 정근우 오지환 유강남 백승현 ,5,6,1
2020-05-22,KIA,SK,양현종,김주한,박찬호 김선빈 터커 최형우 나지완 황대인 최원준 황윤호 한승택 ,김강민 정의윤 최정 로맥 남태혁 한유섬 정현 이홍구 김성현 ,2,1,0
2020-05-22,두산,삼성,이용찬,라이블리,박건우 페르난데스 최주환 김재환 오재원 김재호 박세혁 정수빈 류지혁 ,김상수 구자욱 이학주 김동엽 이원석 이성곤 살라디노 김응민 김헌곤 ,12,7,0
2020-05-22,키움,롯데,브리검,노경은,서건창 박동원 이정후 박병호 이지영 김주형 김혜성 박정음 김규민 ,민병헌 손아섭 전준우 이대호 안치홍 마차도 한동희 김준태 추재현 ,7,9,1
2020-05-22,한화,NC,서폴드,김영규,정은원 김문호 호잉 이성열 송광민 최재훈 정진호 노시환 이용규 ,박민우 이명기 나성범 박석민 노진혁 강진성 알테어 김태군 김준완 ,5,3,0
2020-05-23,KT,LG,김민,차우찬,심우준 오태곤 조용호 로하스 박경수 배정대 강현우 강민국 김병희 ,홍창기 김현수 채은성 라모스 박용택 김민성 정근우 유강남 오지환 ,6,2,0
2020-05-23,KIA,SK,브룩스,김태훈,박찬호 김선빈 터커 나지완 최형우 황대인 이우성 나주환 한승택 ,노수광 오준혁 로맥 한유섬 최정 정진기 김창평 이홍구 정현 ,8,3,0
2020-05-23,두산,삼성,알칸타라,김대우,박건우 페르난데스 최주환 김재환 오재원 허경민 정수빈 류지혁 정상호 ,김상수 김지찬 구자욱 김동엽 이학주 이원석 살라디노 강민호 김헌곤 ,10,6,0
2020-05-23,키움,롯데,요키시,이인복,서건창 김하성 이정후 박병호 박동원 이지영 이택근 김규민 김주형 ,민병헌 손아섭 전준우 이대호 안치홍 한동희 김동한 김준태 마차도 ,12,4,0
2020-05-23,한화,NC,김민우,루친스키,정은원 김문호 호잉 이성열 송광민 정진호 최재훈 노시환 장진혁 ,박민우 이명기 나성범 양의지 박석민 노진혁 강진성 알테어 권희동 ,0,3,1
2020-05-24,KT,LG,쿠에바스,임찬규,심우준 배정대 조용호 로하스 박경수 장성우 오태곤 문상철 강민국 ,홍창기 김현수 채은성 라모스 김민성 정근우 김용의 유강남 오지환 ,7,9,1
2020-05-24,KIA,SK,이민우,핀토,박찬호 터커 최형우 나지완 유민상 백용환 최원준 나주환 황윤호 ,노수광 정진기 한유섬 로맥 남태혁 최항 김창평 이현석 정현 ,3,4,1
2020-05-24,두산,삼성,이영하,뷰캐넌,박건우 페르난데스 최주환 김재환 오재원 허경민 정수빈 류지혁 정상호 ,김상수 김지찬 이학주 김동엽 이원석 김헌곤 살라디노 강민호 박찬도 ,0,13,1
2020-05-24,키움,롯데,최원태,서준원,서건창 김하성 이정후 박병호 박동원 이지영 이택근 김규민 김주형 ,민병헌 전준우 손아섭 이대호 한동희 김동한 허일 정보근 마차도 ,0,2,1
2020-05-24,한화,NC,장시환,라이트,정은원 이용규 김문호 호잉 정진호 이성열 송광민 최재훈 노시환 ,박민우 이명기 나성범 박석민 강진성 노진혁 이원재 김태군 김태진 ,5,10,1
2020-05-26,SK,두산,박종훈,플렉센,노수광 오준혁 최정 로맥 정진기 정의윤 최준우 이홍구 정현 ,박건우 페르난데스 최주환 김재환 오재원 김재호 허경민 정수빈 정상호 ,4,6,1
2020-05-26,KIA,KT,가뇽,배제성,박찬호 김선빈 터커 최형우 나지완 유민상 나주환 한승택 최원준 ,심우준 김민혁 조용호 로하스 황재균 박경수 배정대 장성우 강민국 ,4,1,0
2020-05-26,LG,한화,윌슨,채드벨,이천웅 김현수 채은성 라모스 김민성 정근우 정주현 유강남 오지환 ,정은원 이용규 정진호 호잉 김문호 송광민 이성열 최재훈 노시환 ,3,0,0
2020-05-26,삼성,롯데,최채흥,스트레일리,김상수 김지찬 이학주 김동엽 이원석 김헌곤 살라디노 김응민 박찬도 ,민병헌 손아섭 전준우 이대호 안치홍 한동희 허일 정보근 마차도 ,0,1,1
2020-05-26,키움,NC,이승호,구창모,서건창 김하성 이정후 박병호 박동원 이지영 이택근 모터 김주형 ,박민우 이명기 나성범 강진성 박석민 권희동 알테어 김찬형 김태군 ,2,7,1
2020-05-27,SK,두산,문승원,유희관,노수광 최지훈 최정 로맥 정진기 정의윤 최준우 이홍구 김성현 ,정수빈 페르난데스 최주환 김재환 오재원 김재호 박세혁 허경민 박건우 ,2,4,1
2020-05-27,KIA,KT,임기영,데스파이네,박찬호 김선빈 터커 최형우 나지완 황대인 나주환 백용환 최원준 ,심우준 김민혁 조용호 로하스 황재균 박경수 배정대 장성우 박승욱 ,0,5,1
2020-05-27,LG,한화,정찬헌,장민재,이천웅 김현수 채은성 라모스 김민성 박용택 정근우 유강남 오지환 ,정은원 정진호 김문호 호잉 이성열 송광민 이해창 노시환 이용규 ,15,4,0
2020-05-27,삼성,롯데,원태인,박세웅,김상수 박계범 김동엽 이원석 김헌곤 살라디노 박찬도 강민호 박승규 ,민병헌 전준우 손아섭 이대호 안치홍 한동희 신본기 정보근 마차도 ,11,1,0
2020-05-27,키움,NC,한현희,이재학,서건창 김하성 이정후 박병호 박동원 이택근 김혜성 모터 김규민 ,박민우 이명기 나성범 양의지 박석민 노진혁 이원재 알테어 김준완 ,3,10,1
2020-05-28,SK,두산,이건욱,이용찬,노수광 최지훈 최정 로맥 정진기 정의윤 최준우 이홍구 정현 ,정수빈 페르난데스 최주환 김재환 오재원 김재호 박세혁 허경민 박건우 ,6,1,0
2020-05-28,KIA,KT,양현종,소형준,박찬호 터커 최형우 나지완 황대인 최원준 나주환 김규성 한승택 ,심우준 배정대 조용호 로하스 황재균 박경수 장성우 문상철 오태곤 ,5,6,1
2020-05-28,LG,한화,켈리,서폴드,이천웅 김현수 채은성 라모스 김민성 박용택 정근우 유강남 오지환 ,정은원 정진호 김문호 호잉 이성열 송광민 최재훈 노시환 이용규 ,3,0,0
2020-05-28,삼성,롯데,허윤동,샘슨,김상수 박계범 이학주 이원석 살라디노 박찬도 김헌곤 강민호 박승규 ,민병헌 전준우 손아섭 이대호 안치홍 김동한 한동희 김준태 마차도 ,3,1,0
2020-05-28,키움,NC,정대현,김영규,서건창 김하성 이정후 박병호 박동원 이지영 이택근 김규민 김주형 ,박민우 이명기 나성범 양의지 박석민 강진성 알테어 노진혁 권희동 ,6,9,1
2020-05-29,롯데,두산,노경은,알칸타라,민병헌 손아섭 전준우 이대호 안치홍 한동희 김준태 추재현 마차도 ,정수빈 페르난데스 최주환 김재환 김재호 박세혁 오재원 허경민 박건우 ,2,4,1
2020-05-29,KT,키움,김민,요키시,배정대 오태곤 조용호 로하스 황재균 문상철 강현우 김병희 강민국 ,서건창 김하성 이정후 박병호 박동원 김웅빈 김혜성 박정음 박준태 ,1,5,1
2020-05-29,한화,SK,김민우,김태훈,정은원 정진호 호잉 이성열 송광민 이해창 최재훈 노시환 이용규 ,노수광 최지훈 최정 로맥 정진기 정의윤 최준우 이홍구 정현 ,6,8,1
2020-05-29,NC,삼성,루친스키,김대우,박민우 이명기 나성범 양의지 박석민 노진혁 강진성 알테어 이원재 ,김상수 박찬도 이학주 이원석 살라디노 김헌곤 이성곤 강민호 박승규 ,4,5,1
2020-05-29,LG,KIA,차우찬,브룩스,이천웅 김현수 채은성 라모스 박용택 정근우 오지환 유강남 백승현 ,박찬호 터커 나지완 최형우 황대인 이우성 백용환 김규성 황윤호 ,6,2,0
2020-05-30,롯데,두산,서준원,이영하,손아섭 전준우 안치홍 이대호 김준태 한동희 추재현 정보근 마차도 ,정수빈 페르난데스 오재일 김재환 김재호 최주환 박세혁 허경민 박건우 ,4,5,1
2020-05-30,KT,키움,쿠에바스,최원태,심우준 배정대 조용호 로하스 황재균 박경수 문상철 장성우 김민혁 ,이정후 김하성 김웅빈 박병호 박동원 김규민 김혜성 김주형 박준태 ,3,14,1
2020-05-30,한화,SK,장시환,핀토,이용규 정은원 정진호 호잉 이성열 김문호 노시환 최재훈 송광민 ,노수광 최지훈 최정 로맥 정진기 오준혁 최항 이흥련 정현 ,3,9,1
2020-05-30,NC,삼성,라이트,뷰캐넌,박민우 이명기 나성범 양의지 강진성 노진혁 알테어 김태진 권희동 ,김상수 김동엽 이학주 이원석 살라디노 박찬도 김헌곤 강민호 박승규 ,1,9,1
2020-05-30,LG,KIA,임찬규,이민우,홍창기 김현수 채은성 라모스 박용택 김민성 오지환 이성우 정주현 ,박찬호 김선빈 터커 최형우 나지완 유민상 나주환 한승택 최원준 ,6,10,1
2020-05-31,롯데,두산,스트레일리,플렉센,민병헌 전준우 손아섭 이대호 안치홍 마차도 한동희 정보근 신본기 ,정수빈 페르난데스 오재일 김재환 최주환 허경민 박건우 류지혁 정상호 ,8,3,0
2020-05-31,KT,키움,배제성,이승호,심우준 배정대 조용호 로하스 박경수 장성우 황재균 문상철 박승욱 ,김혜성 김하성 이정후 박병호 이지영 이택근 허정협 전병우 박준태 ,12,8,0
2020-05-31,한화,SK,채드벨,박종훈,이용규 정은원 호잉 최진행 이성열 정진호 송광민 최재훈 노시환 ,김강민 정의윤 최정 로맥 남태혁 이흥련 김성현 정현 노수광 ,4,6,1
2020-05-31,NC,삼성,구창모,최채흥,박민우 서호철 나성범 양의지 강진성 권희동 알테어 김태군 김찬형 ,김지찬 박계범 이학주 이원석 살라디노 박찬도 김헌곤 김응민 박승규 ,18,7,0
2020-05-31,LG,KIA,윌슨,가뇽,이천웅 김현수 채은성 라모스 김민성 홍창기 오지환 유강남 정주현 ,박찬호 김선빈 터커 최형우 나지완 유민상 황윤호 한승택 최원준 ,13,5,0
2020-06-02,삼성,LG,원태인,이민호,김상수 박찬도 살라디노 이원석 이학주 김동엽 이성규 강민호 김헌곤 ,이천웅 김현수 채은성 라모스 김민성 오지환 정주현 유강남 김용의 ,2,0,0
2020-06-02,두산,KT,유희관,데스파이네,정수빈 페르난데스 오재일 김재환 최주환 김재호 박건우 박세혁 허경민 ,심우준 배정대 조용호 로하스 박경수 장성우 황재균 문상철 김민혁 ,11,8,0
2020-06-02,키움,한화,한현희,김이환,김혜성 김하성 이정후 박병호 박동원 김웅빈 전병우 김규민 박준태 ,이용규 정은원 호잉 최진행 이성열 정진호 송광민 이해창 노시환 ,15,3,0
2020-06-02,롯데,KIA,박세웅,임기영,민병헌 손아섭 전준우 이대호 안치홍 한동희 김준태 정보근 마차도 ,김호령 김선빈 터커 최형우 나지완 유민상 한승택 박찬호 황윤호 ,2,7,1
2020-06-02,SK,NC,문승원,이재학,노수광 최지훈 로맥 정의윤 오준혁 최정 이흥련 최준우 정현 ,박민우 이명기 나성범 양의지 강진성 노진혁 권희동 알테어 김태진 ,8,2,0
2020-06-03,삼성,LG,허윤동,켈리,김상수 박찬도 살라디노 이원석 김헌곤 김동엽 이학주 강민호 박승규 ,이천웅 김현수 채은성 라모스 김민성 정근우 오지환 유강남 정주현 ,12,6,0
2020-06-03,두산,KT,이용찬,소형준,정수빈 페르난데스 오재일 김재환 최주환 김재호 박건우 박세혁 이유찬 ,심우준 배정대 조용호 로하스 박경수 장성우 황재균 문상철 천성호 ,2,7,1
2020-06-03,키움,한화,조영건,서폴드,서건창 김하성 이정후 박병호 박동원 김혜성 전병우 김규민 박준태 ,이용규 정은원 호잉 이성열 김태균 정진호 송광민 최재훈 노시환 ,6,2,0
2020-06-03,롯데,KIA,샘슨,양현종,민병헌 손아섭 전준우 이대호 안치홍 오윤석 신본기 김준태 마차도 ,김호령 김선빈 터커 최형우 나지완 유민상 백용환 황윤호 박찬호 ,2,11,1
2020-06-03,SK,NC,이건욱,최성영,김강민 정의윤 최정 로맥 남태혁 이흥련 김성현 정현 최지훈 ,박민우 이명기 나성범 양의지 박석민 강진성 노진혁 알테어 권희동 ,6,8,1
2020-06-04,삼성,LG,백정현,정찬헌,김상수 박찬도 살라디노 이원석 이학주 이성곤 김헌곤 강민호 박승규 ,이천웅 김현수 채은성 라모스 김민성 박용택 정근우 유강남 오지환 ,0,11,1
2020-06-04,두산,KT,알칸타라,김민,박건우 페르난데스 오재일 김재환 최주환 오재원 김재호 박세혁 김인태 ,심우준 배정대 조용호 로하스 박경수 장성우 황재균 문상철 천성호 ,14,8,0
2020-06-04,키움,한화,요키시,김민우,서건창 김하성 이정후 박병호 박동원 전병우 김혜성 허정협 박준태 ,이용규 정은원 호잉 이성열 김태균 최진행 김회성 최재훈 노시환 ,7,3,0
2020-06-04,롯데,KIA,노경은,브룩스,손아섭 전준우 안치홍 이대호 허일 민병헌 오윤석 김준태 마차도 ,김호령 김선빈 터커 최형우 나지완 유민상 장영석 한승택 박찬호 ,3,7,1
2020-06-04,SK,NC,김태훈,루친스키,노수광 최지훈 최정 로맥 정진기 정의윤 최항 이홍구 정현 ,박민우 권희동 나성범 양의지 박석민 강진성 알테어 김찬형 김성욱 ,0,10,1
2020-06-05,KIA,두산,이민우,이영하,김호령 박찬호 터커 최형우 나지완 유민상 장영석 백용환 김규성 ,박건우 페르난데스 오재일 김재환 최주환 오재원 김재호 박세혁 양찬열 ,1,5,1
2020-06-05,LG,키움,임찬규,최원태,이천웅 김현수 채은성 라모스 김민성 박용택 정근우 유강남 오지환 ,김혜성 김하성 이정후 박병호 박동원 전병우 이택근 허정협 박준태 ,3,6,1
2020-06-05,삼성,SK,김대우,핀토,김상수 박찬도 살라디노 김동엽 이성규 박해민 박승규 강민호 김지찬 ,노수광 최지훈 최정 로맥 오준혁 정진기 최항 이흥련 정현 ,1,4,1
2020-06-05,NC,한화,라이트,장시환,박민우 이명기 나성범 양의지 박석민 노진혁 강진성 알테어 권희동 ,이용규 정은원 호잉 김태균 정진호 송광민 노시환 최재훈 김회성 ,13,2,0
2020-06-05,KT,롯데,김민수,서준원,배정대 문상철 조용호 로하스 박경수 황재균 장성우 강민국 김민혁 ,손아섭 전준우 안치홍 이대호 허일 오윤석 한동희 정보근 마차도 ,4,6,1
2020-06-06,KIA,두산,가뇽,플렉센,김호령 김선빈 터커 최형우 나지완 유민상 장영석 한승택 박찬호 ,박건우 페르난데스 오재일 김재환 최주환 박세혁 류지혁 양찬열 권민석 ,3,4,1
2020-06-06,LG,키움,윌슨,이승호,이천웅 김현수 김민성 라모스 박용택 정근우 홍창기 유강남 오지환 ,서건창 전병우 이정후 김하성 김웅빈 이지영 김혜성 박정음 박준태 ,4,5,1
2020-06-06,삼성,SK,최채흥,박종훈,김상수 박해민 살라디노 김동엽 백승민 양우현 이학주 김응민 박승규 ,김강민 최지훈 정의윤 로맥 윤석민 남태혁 최항 이흥련 정현 ,4,6,1
2020-06-06,NC,한화,구창모,채드벨,김성욱 권희동 나성범 양의지 박석민 강진성 알테어 노진혁 지석훈 ,이용규 정은원 송광민 최진행 김태균 김회성 노시환 이해창 정진호 ,14,2,0
2020-06-06,KT,롯데,배제성,스트레일리,심우준 김민혁 조용호 로하스 박경수 황재균 배정대 장성우 문상철 ,손아섭 전준우 안치홍 이대호 허일 오윤석 한동희 정보근 마차도 ,0,1,1
2020-06-07,KIA,두산,임기영,유희관,김호령 김선빈 터커 최형우 나지완 김주찬 한승택 황윤호 박찬호 ,박건우 페르난데스 오재일 김재환 최주환 박세혁 김재호 류지혁 양찬열 ,2,3,1
2020-06-07,LG,키움,차우찬,한현희,이천웅 김현수 박용택 라모스 김민성 홍창기 오지환 이성우 정주현 ,서건창 김하성 이정후 박병호 박동원 전병우 김혜성 허정협 박준태 ,8,1,0
2020-06-07,삼성,SK,뷰캐넌,문승원,김상수 박찬도 살라디노 이성규 최영진 박해민 박승규 강민호 김지찬 ,노수광 최지훈 정의윤 로맥 오준혁 윤석민 최항 이흥련 정현 ,3,0,0
2020-06-07,NC,한화,이재학,김이환,박민우 이명기 나성범 강진성 박석민 노진혁 알테어 김태진 김태군 ,이용규 정은원 김태균 최진행 이성열 정진호 송광민 최재훈 노시환 ,8,2,0
2020-06-07,KT,롯데,데스파이네,박세웅,심우준 김민혁 배정대 로하스 유한준 박경수 문상철 장성우 강민국 ,손아섭 강로한 안치홍 이대호 오윤석 김준태 마차도 한동희 김재유 ,2,5,1
2020-06-09,SK,LG,이건욱,켈리,노수광 최지훈 최정 로맥 정의윤 정진기 이흥련 최항 김성현 ,이천웅 김현수 채은성 라모스 김민성 박용택 정근우 유강남 오지환 ,5,3,0
2020-06-09,KIA,KT,양현종,소형준,김선빈 터커 최형우 나지완 유민상 한승택 최원준 박찬호 나주환 ,심우준 조용호 강백호 유한준 로하스 박경수 장성우 강민국 배정대 ,3,2,0
2020-06-09,키움,삼성,조영건,원태인,서건창 김하성 이정후 박병호 박동원 전병우 허정협 김주형 김규민 ,김상수 박찬도 구자욱 살라디노 이학주 최영진 박해민 강민호 이성규 ,5,3,0
2020-06-09,한화,롯데,서폴드,샘슨,이용규 박정현 최인호 노시환 호잉 김태균 이동훈 박상언 조한민 ,손아섭 전준우 안치홍 이대호 오윤석 김준태 마차도 허일 강로한 ,3,9,1
2020-06-09,두산,NC,조제영,최성영,박건우 페르난데스 오재일 김재환 최주환 김재호 정수빈 정상호 권민석 ,박민우 이명기 나성범 강진성 양의지 박석민 노진혁 알테어 권희동 ,8,12,1
2020-06-10,KIA,KT,브룩스,김민,김호령 터커 최형우 나지완 유민상 한승택 류지혁 박찬호 김규성 ,심우준 조용호 강백호 유한준 로하스 박경수 장성우 천성호 배정대 ,10,0,0
2020-06-10,키움,삼성,요키시,백정현,서건창 김하성 이정후 박병호 박동원 전병우 김혜성 김규민 박준태 ,김상수 박승규 구자욱 살라디노 이성규 이학주 최영진 강민호 박해민 ,1,4,1
2020-06-10,한화,롯데,김민우,노경은,이용규 정은원 최인호 노시환 호잉 김태균 정진호 최재훈 조한민 ,손아섭 전준우 안치홍 이대호 오윤석 김준태 마차도 김재유 강로한 ,2,12,1
2020-06-10,두산,NC,알칸타라,루친스키,정수빈 페르난데스 오재일 김재환 최주환 박세혁 김재호 양찬열 권민석 ,박민우 이명기 나성범 강진성 양의지 박석민 노진혁 알테어 권희동 ,9,1,0
2020-06-11,SK,LG,김태훈,임찬규,김강민 최지훈 최정 로맥 오준혁 윤석민 최항 이홍구 김성현 ,이천웅 김현수 채은성 라모스 김민성 정근우 백승현 이성우 김용의 ,3,4,1
2020-06-11,KIA,KT,이민우,김민수,김호령 터커 나지완 류지혁 백용환 오선우 김주찬 김규성 박찬호 ,조용호 배정대 강백호 유한준 로하스 박경수 장성우 천성호 심우준 ,8,13,1
2020-06-11,키움,삼성,최원태,김대우,서건창 박병호 이정후 김하성 박동원 김혜성 전병우 김규민 박준태 ,김상수 박승규 구자욱 살라디노 이성규 이학주 김동엽 강민호 박해민 ,3,6,1
2020-06-11,한화,롯데,장민재,서준원,정은원 정진호 이용규 호잉 최인호 노시환 노태형 최재훈 박한결 ,손아섭 전준우 안치홍 이대호 오윤석 지성준 마차도 김재유 강로한 ,0,5,1
2020-06-11,두산,NC,이영하,라이트,박건우 페르난데스 오재일 김재환 최주환 김재호 박세혁 정수빈 권민석 ,박민우 이명기 나성범 양의지 강진성 노진혁 알테어 김태군 김태진 ,5,7,1
2020-06-11,SK,LG,핀토,이민호,노수광 최지훈 최정 로맥 정의윤 정진기 최항 이흥련 정현 ,이천웅 김현수 채은성 라모스 박용택 김민성 오지환 유강남 정주현 ,1,3,1
2020-06-12,롯데,LG,스트레일리,윌슨,손아섭 전준우 안치홍 이대호 마차도 지성준 오윤석 한동희 민병헌 ,이천웅 김현수 박용택 채은성 김민성 김호은 정근우 유강남 구본혁 ,2,3,1
2020-06-12,KIA,SK,가뇽,박종훈,김호령 터커 최형우 나지완 류지혁 김주찬 한승택 김규성 박찬호 ,김강민 최지훈 최정 로맥 정의윤 정진기 이흥련 김성현 정현 ,6,3,0
2020-06-12,두산,한화,최원준,채드벨,박건우 페르난데스 최주환 오재일 김재환 김재호 정수빈 정상호 권민석 ,이용규 정은원 호잉 김태균 양성우 노태형 노시환 최재훈 박한결 ,5,2,0
2020-06-12,키움,NC,이승호,구창모,김혜성 박병호 김하성 박동원 이지영 전병우 김규민 허정협 박정음 ,박민우 이명기 나성범 양의지 강진성 박석민 알테어 권희동 김찬형 ,3,2,0
2020-06-13,롯데,LG,박세웅,차우찬,민병헌 전준우 손아섭 이대호 김동한 지성준 오윤석 마차도 한동희 ,이천웅 홍창기 김현수 채은성 유강남 김호은 정근우 오지환 구본혁 ,7,6,0
2020-06-13,KIA,SK,임기영,문승원,김호령 류지혁 터커 나지완 유민상 오선우 한승택 김규성 나주환 ,최지훈 고종욱 최정 로맥 정진기 최항 이흥련 김성현 노수광 ,2,1,0
2020-06-13,두산,한화,유희관,한승주,박건우 페르난데스 최주환 오재일 김재환 김재호 박세혁 정수빈 권민석 ,이용규 정은원 김태균 호잉 김민하 양성우 노시환 최재훈 박한결 ,6,7,1
2020-06-13,KT,삼성,배제성,이승민,조용호 배정대 강백호 유한준 로하스 박경수 천성호 강현우 심우준 ,김지찬 박찬도 구자욱 백승민 박계범 최영진 박승규 김도환 박해민 ,7,4,0
2020-06-13,키움,NC,한현희,이재학,서건창 박병호 이정후 김하성 박동원 전병우 김혜성 허정협 박준태 ,박민우 이명기 나성범 박석민 모창민 권희동 알테어 김태군 김찬형 ,18,5,0
2020-06-13,KT,삼성,데스파이네,뷰캐넌,조용호 배정대 강백호 유한준 로하스 박경수 장성우 천성호 심우준 ,김상수 박찬도 구자욱 살라디노 이학주 백승민 박승규 강민호 박해민 ,3,5,1
2020-06-14,롯데,LG,샘슨,켈리,민병헌 손아섭 전준우 이대호 신본기 김준태 오윤석 한동희 마차도 ,이천웅 김현수 박용택 채은성 김민성 김호은 정근우 유강남 오지환 ,6,10,1
2020-06-14,KIA,SK,양현종,이건욱,김호령 터커 최형우 나지완 류지혁 김주찬 백용환 김규성 박찬호 ,김강민 정의윤 최정 로맥 남태혁 이흥련 정진기 김성현 정현 ,3,4,1
2020-06-14,두산,한화,박종기,서폴드,박건우 정수빈 최주환 페르난데스 김재환 김재호 박세혁 양찬열 이유찬 ,이용규 정은원 호잉 김태균 정진호 노시환 노태형 최재훈 박한결 ,2,3,1
2020-06-14,KT,삼성,소형준,원태인,김민혁 배정대 강백호 로하스 유한준 김영환 천성호 허도환 심우준 ,김상수 구자욱 살라디노 이원석 이학주 이성규 김지찬 강민호 박해민 ,0,12,1
2020-06-14,키움,NC,조영건,김진호,서건창 박병호 이정후 김하성 박동원 전병우 김혜성 허정협 박준태 ,박민우 이명기 나성범 양의지 강진성 권희동 박석민 알테어 김찬형 ,5,9,1
2020-06-16,삼성,두산,백정현,알칸타라,김상수 구자욱 살라디노 이원석 이학주 이성규 박승규 김응민 박해민 ,박건우 정수빈 최주환 페르난데스 김재호 김재환 박세혁 김인태 서예일 ,4,3,0
2020-06-16,롯데,키움,노경은,요키시,김동한 전준우 손아섭 이대호 마차도 김민수 배성근 김준태 민병헌 ,서건창 박병호 이정후 김하성 박동원 김혜성 전병우 허정협 박준태 ,7,5,0
2020-06-16,KT,SK,김민수,핀토,조용호 배정대 강백호 유한준 로하스 황재균 박경수 장성우 천성호 ,최지훈 고종욱 최정 로맥 정의윤 김강민 이흥련 최준우 김성현 ,6,5,0
2020-06-16,LG,한화,정찬헌,장민재,이천웅 오지환 김현수 채은성 박용택 김호은 유강남 정주현 구본혁 ,이용규 양성우 정은원 김태균 노태형 호잉 최재훈 노시환 조한민 ,9,5,0
2020-06-16,NC,KIA,루친스키,브룩스,박민우 이명기 나성범 양의지 강진성 권희동 박석민 알테어 김찬형 ,김호령 터커 최형우 나지완 유민상 한승택 나주환 김규성 박찬호 ,4,7,1
2020-06-17,삼성,두산,김대우,플렉센,김상수 구자욱 살라디노 이원석 이학주 이성규 박승규 김응민 박해민 ,박건우 정수빈 최주환 페르난데스 김재호 김재환 박세혁 국해성 서예일 ,6,3,0
2020-06-17,롯데,키움,서준원,최원태,정훈 손아섭 전준우 이대호 마차도 김민수 김재유 정보근 김동한 ,서건창 전병우 이정후 김하성 허정협 김혜성 이지영 김수환 박준태 ,3,4,1
2020-06-17,KT,SK,조병욱,김태훈,배정대 황재균 조용호 유한준 로하스 박경수 문상철 장성우 심우준 ,최지훈 고종욱 최정 로맥 정의윤 김강민 이흥련 최준우 김성현 ,6,4,0
2020-06-17,LG,한화,임찬규,채드벨,이천웅 오지환 김현수 채은성 정근우 김호은 유강남 정주현 손호영 ,정은원 정진호 이용규 김태균 김민하 호잉 노시환 박상언 조한민 ,7,1,0
2020-06-17,NC,KIA,라이트,이민우,박민우 이명기 나성범 알테어 강진성 모창민 박석민 김태군 김찬형 ,김호령 터커 최형우 나지완 황대인 한승택 나주환 김규성 박찬호 ,6,7,1
2020-06-18,삼성,두산,허윤동,유희관,김상수 구자욱 살라디노 이원석 이학주 이성규 박찬도 김응민 박해민 ,박건우 페르난데스 최주환 김재환 김재호 박세혁 국해성 정수빈 서예일 ,3,7,1
2020-06-18,롯데,키움,스트레일리,이승호,민병헌 전준우 손아섭 이대호 정훈 마차도 안치홍 정보근 김동한 ,서건창 김혜성 이정후 김하성 허정협 이지영 전병우 김규민 박준태 ,2,3,1
2020-06-18,KT,SK,데스파이네,박종훈,김민혁 배정대 조용호 강백호 로하스 황재균 박경수 허도환 심우준 ,최지훈 고종욱 최정 로맥 정의윤 김강민 이흥련 최준우 김성현 ,5,3,0
2020-06-18,LG,한화,윌슨,장시환,홍창기 오지환 김현수 라모스 채은성 김호은 유강남 정주현 구본혁 ,노수광 정은원 이용규 최진행 김태균 호잉 최재훈 노시환 조한민 ,9,7,0
2020-06-19,두산,LG,이영하,차우찬,이유찬 페르난데스 박건우 김재환 최주환 국해성 정상호 백동훈 권민석 ,이천웅 김현수 채은성 라모스 박용택 유강남 오지환 정주현 손호영 ,18,10,0
2020-06-19,SK,키움,문승원,한현희,최지훈 고종욱 최정 로맥 정의윤 정진기 이흥련 최준우 김성현 ,서건창 김혜성 이정후 김하성 박동원 이지영 전병우 허정협 박정음 ,1,2,1
2020-06-19,롯데,KT,박세웅,배제성,손아섭 정훈 전준우 이대호 마차도 안치홍 김준태 한동희 민병헌 ,배정대 조용호 로하스 강백호 유한준 황재균 장성우 천성호 심우준 ,8,9,1
2020-06-19,삼성,KIA,뷰캐넌,가뇽,김상수 박찬도 구자욱 살라디노 이학주 이원석 김지찬 김응민 박해민 ,김호령 터커 최형우 나지완 유민상 한승택 나주환 김규성 박찬호 ,4,5,1
2020-06-19,한화,NC,김범수,구창모,노수광 정은원 이용규 김태균 최진행 김민하 조한민 최재훈 노시환 ,이명기 권희동 강진성 알테어 나성범 박석민 이상호 김태군 박준영 ,1,3,1
2020-06-20,두산,LG,박종기,켈리,정수빈 페르난데스 박건우 김재환 최주환 김재호 박세혁 국해성 이유찬 ,이천웅 김현수 채은성 라모스 박용택 오지환 정주현 이성우 손호영 ,8,2,0
2020-06-20,SK,키움,이건욱,조영건,김강민 최지훈 최정 로맥 고종욱 정진기 이현석 김성현 최준우 ,김혜성 김하성 이정후 박동원 박병호 주효상 허정협 전병우 박준태 ,3,9,1
2020-06-20,롯데,KT,샘슨,소형준,정훈 전준우 손아섭 이대호 민병헌 마차도 안치홍 김준태 한동희 ,배정대 조용호 로하스 강백호 유한준 황재균 박경수 장성우 심우준 ,8,0,0
2020-06-20,삼성,KIA,원태인,임기영,김상수 구자욱 살라디노 이학주 이원석 김헌곤 박승규 김응민 김지찬 ,김호령 터커 최형우 나지완 유민상 한승택 나주환 최정용 박찬호 ,3,6,1
2020-06-20,한화,NC,서폴드,이재학,노수광 호잉 김태균 최진행 이성열 노태형 노시환 최재훈 조한민 ,박민우 이명기 강진성 나성범 권희동 알테어 이상호 김태군 박준영 ,4,3,0
2020-06-21,두산,LG,알칸타라,이민호,박건우 페르난데스 최주환 김재환 김재호 박세혁 국해성 이유찬 김인태 ,이천웅 오지환 김현수 라모스 채은성 박용택 정근우 유강남 구본혁 ,3,1,0
2020-06-21,SK,키움,핀토,요키시,김강민 최지훈 최정 로맥 정의윤 이재원 윤석민 김성현 정현 ,서건창 김하성 이정후 박동원 박병호 허정협 김혜성 박정음 박준태 ,2,7,1
2020-06-21,롯데,KT,노경은,쿠에바스,정훈 전준우 민병헌 이대호 마차도 안치홍 김재유 한동희 김준태 ,배정대 조용호 로하스 강백호 유한준 박경수 황재균 장성우 심우준 ,2,3,1
2020-06-21,삼성,KIA,백정현,양현종,김상수 박승규 구자욱 살라디노 이원석 최영진 이학주 김민수 김헌곤 ,김호령 터커 최형우 나지완 황대인 백용환 나주환 박찬호 최정용 ,12,5,0
2020-06-21,한화,NC,김민우,김진호,노수광 이용규 김태균 최진행 이성열 정은원 노태형 박상언 조한민 ,박민우 이명기 강진성 나성범 권희동 박석민 노진혁 알테어 김형준 ,7,9,1
2020-06-23,키움,LG,최원태,김윤식,서건창 김하성 이정후 박동원 박병호 허정협 김혜성 전병우 박준태 ,이천웅 홍창기 김현수 라모스 박용택 유강남 정근우 오지환 장준원 ,8,3,0
2020-06-23,두산,SK,플렉센,김태훈,허경민 페르난데스 박건우 김재환 최주환 국해성 정수빈 정상호 권민석 ,고종욱 최지훈 최정 로맥 정의윤 정진기 이재원 최준우 김성현 ,9,2,0
2020-06-23,NC,KT,루친스키,데스파이네,박민우 이명기 나성범 양의지 강진성 권희동 노진혁 알테어 김태진 ,조용호 배정대 로하스 강백호 유한준 박경수 황재균 장성우 심우준 ,4,3,0
2020-06-23,한화,삼성,채드벨,최채흥,노수광 이용규 김태균 최진행 송광민 이성열 정은원 최재훈 조한민 ,김상수 구자욱 살라디노 이원석 이학주 최영진 박승규 김응민 김헌곤 ,4,11,1
2020-06-23,KIA,롯데,브룩스,서준원,김호령 터커 최형우 유민상 오선우 한승택 최정용 나주환 박찬호 ,손아섭 허일 전준우 이대호 마차도 한동희 안치홍 정보근 민병헌 ,3,4,1
2020-06-24,한화,삼성,장시환,허윤동,이용규 김민하 김태균 최진행 송광민 장운호 정은원 최재훈 오선진 ,김상수 박해민 구자욱 이원석 이학주 최영진 이성곤 김응민 이성규 ,2,3,1
2020-06-25,키움,LG,한현희,차우찬,서건창 김하성 이정후 박병호 박동원 허정협 김혜성 전병우 박준태 ,이천웅 홍창기 김현수 라모스 김호은 오지환 정근우 이성우 구본혁 ,8,5,0
2020-06-25,두산,SK,이영하,문승원,정수빈 페르난데스 최주환 김재환 허경민 박세혁 국해성 김인태 권민석 ,김경호 최지훈 최정 로맥 고종욱 김강민 이재원 최준우 김성현 ,0,7,1
2020-06-25,NC,KT,구창모,김민수,김태진 이상호 나성범 강진성 모창민 권희동 김성욱 김형준 김찬형 ,배정대 김민혁 로하스 강백호 유한준 황재균 강민국 허도환 심우준 ,6,19,1
2020-06-25,한화,삼성,김범수,뷰캐넌,이용규 정은원 정진호 김태균 이성열 송광민 오선진 최재훈 최인호 ,김헌곤 박계범 이학주 이원석 최영진 김동엽 박승규 김응민 박해민 ,9,2,0
2020-06-25,키움,LG,이승호,윌슨,서건창 김하성 이정후 박병호 허정협 이지영 김혜성 전병우 김규민 ,이천웅 정근우 김현수 라모스 유강남 오지환 정주현 이재원 장준원 ,5,2,0
2020-06-25,NC,KT,라이트,배제성,박민우 이명기 나성범 양의지 강진성 노진혁 박석민 알테어 권희동 ,배정대 조용호 로하스 강백호 유한준 장성우 황재균 천성호 심우준 ,3,1,0
2020-06-25,두산,SK,유희관,박종훈,박건우 페르난데스 최주환 김재환 오재일 허경민 박세혁 김재호 정수빈 ,김경호 최지훈 최정 로맥 정의윤 김강민 이재원 최준우 김성현 ,14,6,0
2020-06-26,NC,두산,이재학,박종기,박민우 이명기 나성범 양의지 강진성 노진혁 박석민 알테어 김성욱 ,허경민 페르난데스 오재일 김재환 최주환 김재호 박세혁 김인태 정수빈 ,9,3,0
2020-06-26,KIA,키움,가뇽,조영건,김호령 김선빈 터커 최형우 나지완 유민상 나주환 한승택 박찬호 ,서건창 김하성 이정후 박병호 박동원 허정협 김혜성 전병우 박준태 ,8,6,0
2020-06-26,LG,SK,켈리,이건욱,이천웅 전민수 김현수 라모스 유강남 오지환 홍창기 정주현 장준원 ,김경호 최지훈 최정 로맥 정의윤 김강민 이재원 최준우 김성현 ,0,7,1
2020-06-26,KT,한화,소형준,서폴드,김민혁 배정대 로하스 강백호 유한준 황재균 천성호 장성우 심우준 ,이용규 정은원 정진호 김태균 강경학 오선진 이성열 최재훈 최인호 ,4,7,1
2020-06-26,삼성,롯데,원태인,스트레일리,김헌곤 박해민 구자욱 이학주 이원석 김동엽 박계범 김민수 김지찬 ,정훈 손아섭 전준우 이대호 마차도 한동희 안치홍 정보근 민병헌 ,6,4,0
2020-06-27,NC,두산,최성영,알칸타라,박민우 권희동 나성범 박석민 알테어 모창민 노진혁 김성욱 김태군 ,허경민 페르난데스 박건우 김재환 오재일 최주환 김재호 정상호 정수빈 ,3,12,1
2020-06-27,KIA,키움,양현종,요키시,김호령 김선빈 터커 최형우 나지완 황대인 나주환 백용환 박찬호 ,서건창 김하성 이정후 박병호 박동원 허정협 김혜성 전병우 박준태 ,0,2,1
2020-06-27,LG,SK,정찬헌,핀토,이천웅 오지환 김현수 라모스 유강남 김호은 홍창기 정주현 장준원 ,김경호 최지훈 최정 로맥 고종욱 김강민 이재원 최준우 김성현 ,3,0,0
2020-06-27,KT,한화,쿠에바스,김민우,조용호 배정대 로하스 강백호 박경수 황재균 김민혁 허도환 심우준 ,이용규 정은원 정진호 김태균 강경학 오선진 이성열 최재훈 최인호 ,7,2,0
2020-06-27,삼성,롯데,백정현,샘슨,김상수 박해민 구자욱 이학주 이성곤 김동엽 김헌곤 강민호 김지찬 ,정훈 전준우 손아섭 이대호 한동희 마차도 안치홍 김준태 민병헌 ,6,1,0
2020-06-28,NC,두산,루친스키,플렉센,박민우 권희동 강진성 양의지 박석민 노진혁 알테어 김태진 김성욱 ,허경민 페르난데스 오재일 김재환 최주환 박세혁 국해성 정수빈 권민석 ,5,0,0
2020-06-28,KIA,키움,브룩스,최원태,김호령 김선빈 터커 최형우 나지완 유민상 나주환 한승택 박찬호 ,서건창 김혜성 이정후 박병호 박동원 허정협 김규민 전병우 박준태 ,0,1,1
2020-06-28,LG,SK,임찬규,김주한,이천웅 오지환 김현수 라모스 유강남 김호은 홍창기 정주현 장준원 ,김경호 정진기 최정 로맥 고종욱 이재원 최준우 김성현 최지훈 ,4,0,0
2020-06-28,KT,한화,데스파이네,채드벨,배정대 황재균 로하스 강백호 유한준 박경수 장성우 오태곤 심우준 ,이용규 오선진 정은원 김태균 이성열 송광민 최인호 박상언 정진호 ,8,4,0
2020-06-28,삼성,롯데,김대우,박세웅,김상수 박해민 구자욱 이성곤 김헌곤 김동엽 강민호 김호재 김지찬 ,김재유 손아섭 전준우 이대호 김준태 신본기 안치홍 마차도 정훈 ,3,7,1
2020-06-30,KT,LG,김민수,이민호,배정대 황재균 로하스 강백호 유한준 박경수 김민혁 장성우 심우준 ,이천웅 오지환 김현수 라모스 채은성 정근우 홍창기 유강남 장준원 ,3,4,1
2020-06-30,두산,키움,유희관,이승호,허경민 페르난데스 오재일 김재환 최주환 국해성 정수빈 정상호 권민석 ,서건창 김혜성 이정후 박병호 박동원 허정협 이지영 전병우 박준태 ,2,11,1
2020-06-30,SK,삼성,박종훈,최채흥,최지훈 로맥 최정 정의윤 남태혁 김강민 이재원 최준우 김성현 ,김상수 구자욱 김동엽 이성곤 강민호 박해민 이원석 박승규 김지찬 ,1,4,1
2020-06-30,롯데,NC,김대우,라이트,손아섭 전준우 정훈 이대호 마차도 김준태 안치홍 한동희 민병헌 ,박민우 권희동 나성범 양의지 박석민 알테어 노진혁 강진성 이명기 ,10,8,0
2020-07-01,KT,LG,배제성,차우찬,배정대 황재균 로하스 강백호 유한준 박경수 오태곤 장성우 심우준 ,이천웅 오지환 김현수 라모스 채은성 홍창기 유강남 정주현 장준원 ,11,5,0
2020-07-01,두산,키움,이영하,한현희,박건우 페르난데스 오재일 김재환 최주환 허경민 오재원 박세혁 국해성 ,서건창 이지영 이정후 박병호 박동원 김하성 김혜성 허정협 박준태 ,14,5,0
2020-07-01,SK,삼성,문승원,뷰캐넌,김경호 최지훈 로맥 최정 채태인 고종욱 이재원 최준우 김성현 ,김상수 구자욱 이성곤 이원석 김헌곤 김동엽 박해민 강민호 김지찬 ,1,7,1
2020-07-01,한화,KIA,장시환,임기영,이용규 정은원 오선진 김태균 최인호 송광민 이성열 최재훈 정진호 ,김선빈 터커 최형우 나지완 유민상 김호령 나주환 한승택 박찬호 ,3,4,1
2020-07-01,롯데,NC,장원삼,구창모,민병헌 김동한 한동희 정훈 김재유 허일 마차도 김준태 신본기 ,이명기 권희동 나성범 양의지 알테어 박석민 모창민 노진혁 김태진 ,2,6,1
2020-07-02,KT,LG,조병욱,켈리,배정대 황재균 로하스 강백호 유한준 박경수 오태곤 허도환 심우준 ,이천웅 오지환 김현수 라모스 채은성 정근우 홍창기 이성우 장준원 ,4,3,0
2020-07-02,두산,키움,박종기,조영건,박건우 페르난데스 오재일 김재환 최주환 허경민 오재원 박세혁 국해성 ,서건창 김하성 이정후 박병호 박동원 이지영 김혜성 전병우 김규민 ,7,10,1
2020-07-02,SK,삼성,이건욱,원태인,최지훈 고종욱 로맥 최정 채태인 김강민 이재원 최준우 김성현 ,김상수 박해민 구자욱 이원석 이성곤 김헌곤 김동엽 강민호 김지찬 ,2,6,1
2020-07-02,한화,KIA,서폴드,이민우,이용규 정은원 오선진 김태균 최재훈 강경학 최인호 송광민 정진호 ,김선빈 터커 최형우 나지완 유민상 김호령 나주환 한승택 박찬호 ,1,7,1
2020-07-02,롯데,NC,스트레일리,이재학,정훈 손아섭 안치홍 이대호 전준우 한동희 민병헌 정보근 마차도 ,김태진 이명기 나성범 알테어 박석민 권희동 노진혁 강진성 김태군 ,7,9,1
2020-07-03,한화,두산,김범수,알칸타라,이용규 정은원 김태균 최진행 최재훈 오선진 송광민 유장혁 정진호 ,박건우 페르난데스 오재일 김재환 최주환 허경민 오재원 박세혁 국해성 ,1,2,1
2020-07-03,키움,KT,요키시,데스파이네,서건창 김하성 이정후 박병호 허정협 박동원 김혜성 전병우 박준태 ,배정대 황재균 로하스 문상철 유한준 강민국 허도환 김민혁 심우준 ,2,3,1
2020-07-03,LG,삼성,윌슨,백정현,이천웅 김현수 채은성 라모스 유강남 오지환 정주현 김용의 장준원 ,김상수 구자욱 김동엽 이성곤 박해민 최영진 송준석 강민호 김지찬 ,7,9,1
2020-07-03,SK,롯데,핀토,샘슨,최지훈 오준혁 최정 로맥 채태인 최준우 이현석 김성현 김경호 ,손아섭 정훈 전준우 이대호 마차도 김준태 안치홍 한동희 김재유 ,7,4,0
2020-07-03,KIA,NC,가뇽,최성영,김선빈 터커 최형우 나지완 유민상 김호령 나주환 한승택 박찬호 ,이명기 권희동 나성범 알테어 박석민 노진혁 강진성 김태군 김태진 ,8,2,0
2020-07-04,한화,두산,김민우,플렉센,이용규 정은원 최진행 김태균 최재훈 오선진 정진호 송광민 장운호 ,박건우 페르난데스 오재일 김재환 최주환 허경민 오재원 박세혁 정수빈 ,6,2,0
2020-07-04,키움,KT,최원태,쿠에바스,서건창 김하성 이정후 박병호 허정협 박동원 이지영 김혜성 박준태 ,조용호 황재균 로하스 강백호 장성우 배정대 문상철 천성호 심우준 ,10,6,0
2020-07-04,LG,삼성,임찬규,허윤동,이천웅 정근우 김현수 라모스 유강남 채은성 오지환 홍창기 구본혁 ,김상수 박해민 구자욱 이원석 이성곤 김동엽 송준석 김민수 김지찬 ,6,7,1
2020-07-04,SK,롯데,김주한,서준원,최지훈 오준혁 최정 로맥 채태인 최준우 이현석 유서준 김재현 ,정훈 손아섭 전준우 이대호 마차도 한동희 안치홍 정보근 민병헌 ,4,10,1
2020-07-04,KIA,NC,양현종,루친스키,김선빈 터커 최형우 나지완 유민상 김호령 나주환 백용환 박찬호 ,김성욱 권희동 나성범 양의지 알테어 박석민 강진성 김찬형 지석훈 ,2,9,1
2020-07-05,한화,두산,채드벨,유희관,이용규 정은원 최진행 김태균 노태형 오선진 정진호 최재훈 최인호 ,허경민 페르난데스 박건우 오재일 김재환 최주환 김재호 박세혁 국해성 ,4,7,1
2020-07-05,키움,KT,이승호,김민수,서건창 김하성 이정후 박병호 허정협 김혜성 이지영 김규민 박준태 ,조용호 황재균 로하스 강백호 장성우 박경수 배정대 강민국 문상철 ,5,10,1
2020-07-05,LG,삼성,정찬헌,최채흥,이천웅 김현수 채은성 라모스 유강남 오지환 정주현 홍창기 구본혁 ,김상수 박해민 이학주 이원석 이성곤 김동엽 송준석 강민호 김지찬 ,7,3,0
2020-07-05,SK,롯데,박종훈,박세웅,최지훈 오준혁 최정 로맥 정의윤 최준우 이현석 정현 김성현 ,정훈 손아섭 전준우 이대호 김준태 한동희 안치홍 마차도 민병헌 ,6,3,0
2020-07-05,KIA,NC,브룩스,라이트,김선빈 터커 최형우 나지완 유민상 김호령 나주환 한승택 박찬호 ,이명기 권희동 나성범 알테어 양의지 박석민 강진성 노진혁 김태진 ,6,7,1
2020-07-07,LG,두산,차우찬,이영하,이천웅 김현수 채은성 라모스 김호은 오지환 유강남 백승현 정주현 ,허경민 페르난데스 박건우 김재환 오재일 최주환 김재호 박세혁 정수빈 ,6,9,1
2020-07-07,삼성,키움,뷰캐넌,김재웅,김상수 최영진 구자욱 이원석 이학주 김동엽 박해민 강민호 박승규 ,서건창 김하성 이정후 박병호 허정협 박동원 김혜성 전병우 박준태 ,13,2,0
2020-07-07,NC,SK,구창모,문승원,이명기 권희동 나성범 양의지 알테어 박석민 노진혁 강진성 김태진 ,최지훈 김강민 최정 로맥 정의윤 이현석 최준우 김성현 오준혁 ,5,4,0
2020-07-07,롯데,한화,장원삼,장시환,정훈 손아섭 전준우 이대호 김준태 한동희 안치홍 마차도 민병헌 ,이용규 최진행 노태형 김태균 정은원 오선진 정진호 최재훈 유장혁 ,6,7,1
2020-07-07,KT,KIA,배제성,임기영,조용호 황재균 로하스 강백호 유한준 배정대 박경수 장성우 심우준 ,이창진 터커 최형우 나지완 유민상 나주환 한승택 박찬호 김규성 ,8,2,0
2020-07-08,LG,두산,켈리,박종기,이천웅 홍창기 김현수 라모스 김호은 오지환 유강남 백승현 정주현 ,허경민 페르난데스 박건우 김재환 오재일 최주환 김재호 박세혁 정수빈 ,8,5,0
2020-07-08,삼성,키움,원태인,문성현,김상수 박해민 구자욱 이원석 이학주 김동엽 송준석 강민호 최영진 ,김혜성 전병우 서건창 이정후 이지영 김규민 김주형 박준태 박정음 ,6,7,1
2020-07-08,NC,SK,이재학,이건욱,박민우 이명기 나성범 알테어 박석민 노진혁 모창민 강진성 김태군 ,최지훈 오준혁 정의윤 로맥 채태인 최준우 윤석민 이현석 김성현 ,2,3,1
2020-07-08,롯데,한화,스트레일리,서폴드,정훈 손아섭 전준우 이대호 마차도 안치홍 한동희 정보근 민병헌 ,정은원 최진행 하주석 김태균 노태형 오선진 정진호 박상언 김지수 ,6,2,0
2020-07-08,KT,KIA,데스파이네,이민우,조용호 황재균 로하스 강백호 유한준 배정대 박경수 장성우 심우준 ,이창진 터커 최형우 나지완 유민상 나주환 한승택 박찬호 김규성 ,7,4,0
2020-07-09,LG,두산,윌슨,알칸타라,이천웅 홍창기 김현수 라모스 채은성 오지환 유강남 백승현 정주현 ,박건우 페르난데스 오재일 김재환 최주환 허경민 박세혁 김재호 정수빈 ,0,6,1
2020-07-09,삼성,키움,백정현,요키시,김상수 구자욱 김동엽 이원석 이학주 최영진 강민호 박승규 박해민 ,서건창 김하성 이정후 박병호 이지영 박동원 김혜성 전병우 박준태 ,2,4,1
2020-07-09,NC,SK,최성영,핀토,박민우 권희동 나성범 양의지 알테어 노진혁 모창민 김태진 김성욱 ,최지훈 김강민 윤석민 로맥 정의윤 최준우 이거연 이현석 김성현 ,8,2,0
2020-07-09,롯데,한화,샘슨,김범수,정훈 전준우 손아섭 이대호 한동희 안치홍 마차도 김준태 민병헌 ,이용규 정은원 하주석 김태균 최진행 강경학 오선진 최재훈 유장혁 ,5,3,0
2020-07-09,KT,KIA,조병욱,가뇽,조용호 황재균 로하스 강백호 유한준 배정대 천성호 허도환 심우준 ,김호령 터커 최형우 나지완 유민상 최정용 백용환 나주환 박찬호 ,4,10,1
2020-07-10,NC,LG,루친스키,임찬규,박민우 권희동 나성범 양의지 박석민 노진혁 알테어 강진성 김성욱 ,이천웅 김현수 이형종 라모스 채은성 정근우 오지환 이성우 백승현 ,12,2,0
2020-07-10,삼성,KT,허윤동,쿠에바스,김상수 살라디노 이학주 이원석 이성곤 김동엽 송준석 김민수 박해민 ,배정대 황재균 로하스 강백호 유한준 박경수 장성우 김민혁 심우준 ,3,8,1
2020-07-10,SK,한화,김주한,김민우,최지훈 오준혁 최정 로맥 채태인 최준우 김성현 이현석 김경호 ,이용규 오선진 하주석 김태균 최진행 정은원 최재훈 강경학 장운호 ,5,6,1
2020-07-10,키움,KIA,최원태,양현종,서건창 김하성 이정후 박병호 이지영 허정협 박동원 전병우 박준태 ,이창진 터커 최형우 나지완 유민상 박찬호 나주환 한승택 최정용 ,8,9,1
2020-07-10,두산,롯데,플렉센,서준원,박건우 페르난데스 오재일 김재환 최주환 오재원 허경민 박세혁 국해성 ,안치홍 손아섭 전준우 이대호 정훈 한동희 신본기 정보근 민병헌 ,10,5,0
2020-07-11,삼성,KT,최채흥,소형준,박해민 살라디노 이학주 이원석 이성곤 김동엽 박승규 강민호 김지찬 ,조용호 황재균 로하스 강백호 유한준 배정대 박경수 장성우 심우준 ,7,10,1
2020-07-11,SK,한화,박종훈,김진욱,최지훈 오준혁 최정 로맥 채태인 최준우 김강민 이현석 김성현 ,이용규 정진호 하주석 최진행 강경학 김태균 정은원 최재훈 노태형 ,5,3,0
2020-07-11,키움,KIA,이승호,브룩스,서건창 김하성 이정후 박병호 이지영 박동원 김혜성 허정협 박준태 ,이창진 터커 최형우 나지완 황대인 나주환 박찬호 백용환 김규성 ,3,8,1
2020-07-11,두산,롯데,유희관,박세웅,박건우 페르난데스 오재일 김재환 최주환 오재원 박세혁 김재호 정수빈 ,정훈 손아섭 전준우 이대호 한동희 김준태 안치홍 마차도 민병헌 ,4,5,1
2020-07-13,키움,KIA,한현희,임기영,서건창 김하성 이정후 박병호 박동원 허정협 김혜성 전병우 박주홍 ,이창진 터커 최형우 나지완 유민상 김민식 박찬호 최정용 김규성 ,3,13,1
2020-07-13,SK,한화,문승원,장시환,최지훈 오준혁 최정 로맥 채태인 최준우 정진기 이현석 김성현 ,이용규 정은원 김태균 최진행 하주석 오선진 최재훈 임종찬 유장혁 ,2,4,1
2020-07-14,SK,두산,이건욱,이영하,최지훈 최준우 최정 채태인 한유섬 윤석민 정진기 이현석 김성현 ,박건우 페르난데스 오재일 김재환 최주환 허경민 오재원 박세혁 정수빈 ,12,7,0
2020-07-14,NC,키움,이재학,브리검,박민우 이명기 권희동 알테어 박석민 노진혁 강진성 김태군 김성욱 ,서건창 김하성 이정후 박병호 박동원 이지영 허정협 전병우 박준태 ,1,5,1
2020-07-14,한화,KT,서폴드,데스파이네,이용규 정은원 김태균 최진행 하주석 오선진 임종찬 최재훈 유장혁 ,조용호 황재균 로하스 강백호 유한준 배정대 박경수 장성우 심우준 ,2,7,1
2020-07-14,KIA,삼성,이민우,뷰캐넌,이창진 터커 유민상 나지완 김민식 나주환 오선우 박찬호 최정용 ,김상수 박해민 구자욱 살라디노 이성곤 이원석 이학주 강민호 이성규 ,0,5,1
2020-07-14,LG,롯데,켈리,스트레일리,이천웅 김현수 이형종 라모스 채은성 오지환 유강남 정주현 구본혁 ,손아섭 전준우 정훈 이대호 한동희 마차도 안치홍 정보근 민병헌 ,0,5,1
2020-07-15,SK,두산,핀토,알칸타라,최지훈 최준우 최정 채태인 한유섬 윤석민 정진기 이현석 정현 ,박건우 페르난데스 오재일 김재환 최주환 허경민 박세혁 김재호 정수빈 ,2,7,1
2020-07-15,NC,키움,최성영,요키시,박민우 김성욱 권희동 양의지 알테어 박석민 노진혁 모창민 강진성 ,서건창 김하성 이정후 박병호 박동원 허정협 전병우 김혜성 박준태 ,4,7,1
2020-07-15,한화,KT,김범수,김민수,이용규 하주석 김태균 최진행 이해창 강경학 김지수 박정현 임종찬 ,조용호 황재균 로하스 강백호 유한준 배정대 박경수 장성우 심우준 ,7,3,0
2020-07-15,KIA,삼성,가뇽,백정현,김호령 터커 최형우 나지완 황대인 나주환 박찬호 한승택 최정용 ,김상수 구자욱 살라디노 이성곤 이원석 박해민 이학주 강민호 이성규 ,5,2,0
2020-07-15,LG,롯데,윌슨,샘슨,이천웅 오지환 김현수 라모스 이형종 홍창기 유강남 정주현 백승현 ,정훈 손아섭 전준우 이대호 마차도 김준태 안치홍 한동희 민병헌 ,9,3,0
2020-07-16,SK,두산,백승건,플렉센,최지훈 최준우 최정 한유섬 윤석민 로맥 정진기 이현석 김성현 ,박건우 페르난데스 오재일 김재환 최주환 허경민 오재원 박세혁 정수빈 ,2,4,1
2020-07-16,NC,키움,루친스키,문성현,김준완 이명기 박민우 양의지 알테어 박석민 노진혁 모창민 강진성 ,서건창 김하성 이정후 박병호 허정협 이지영 전병우 김혜성 박준태 ,9,1,0
2020-07-16,한화,KT,김민우,쿠에바스,이용규 정은원 김태균 최진행 이해창 강경학 김지수 임종찬 오선진 ,조용호 황재균 로하스 강백호 유한준 배정대 박경수 장성우 심우준 ,1,4,1
2020-07-16,KIA,삼성,양현종,허윤동,이창진 터커 최형우 나지완 황대인 나주환 박찬호 한승택 김규성 ,김상수 구자욱 김동엽 이원석 최영진 이학주 박승규 김민수 박해민 ,7,8,1
2020-07-16,LG,롯데,정찬헌,장원삼,이천웅 오지환 김현수 라모스 이형종 유강남 홍창기 정주현 손호영 ,정훈 한동희 손아섭 이대호 전준우 안치홍 마차도 김준태 민병헌 ,10,15,1
2020-07-17,한화,LG,김진욱,임찬규,이용규 강경학 김태균 최진행 하주석 김지수 임종찬 최재훈 정은원 ,이천웅 오지환 김현수 라모스 이형종 김호은 손호영 이성우 정주현 ,0,8,1
2020-07-17,키움,SK,이승호,김주한,서건창 김하성 이정후 박병호 이지영 김혜성 전병우 박주홍 박준태 ,최지훈 최준우 최정 로맥 윤석민 김강민 고종욱 이현석 김성현 ,9,12,1
2020-07-17,롯데,삼성,서준원,최채흥,정훈 한동희 손아섭 이대호 전준우 안치홍 민병헌 정보근 마차도 ,김상수 구자욱 김동엽 이원석 이성곤 이성규 박해민 강민호 김지찬 ,10,15,1
2020-07-17,두산,KIA,유희관,브룩스,정수빈 페르난데스 오재일 김재환 최주환 허경민 오재원 박세혁 국해성 ,이창진 터커 최형우 나지완 유민상 나주환 백용환 박찬호 김규성 ,2,4,1
2020-07-18,한화,LG,장시환,차우찬,이용규 정은원 김태균 반즈 최진행 이해창 하주석 유장혁 오선진 ,홍창기 오지환 김현수 라모스 이형종 김호은 유강남 정주현 구본혁 ,1,3,1
2020-07-18,키움,SK,한현희,박종훈,서건창 김혜성 이정후 박병호 김하성 전병우 박주홍 주효상 박준태 ,최지훈 최준우 한유섬 로맥 채태인 오준혁 고종욱 이현석 김성현 ,4,1,0
2020-07-18,롯데,삼성,박세웅,라이블리,정훈 한동희 손아섭 전준우 허일 안치홍 민병헌 김준태 마차도 ,김상수 구자욱 이학주 이원석 이성곤 이성규 박해민 강민호 박찬도 ,2,5,1
2020-07-18,두산,KIA,최원준,김기훈,박건우 페르난데스 오재일 김재환 허경민 오재원 박세혁 정수빈 이유찬 ,이창진 터커 최형우 유민상 김민식 오선우 나주환 박찬호 김규성 ,6,0,0
2020-07-18,KT,NC,조병욱,구창모,황재균 강백호 로하스 유한준 박경수 배정대 오태곤 허도환 심우준 ,박민우 이명기 나성범 양의지 박석민 강진성 노진혁 알테어 권희동 ,1,6,1
2020-07-19,한화,LG,서폴드,켈리,이용규 유장혁 하주석 반즈 강경학 김태균 임종찬 이해창 정은원 ,홍창기 오지환 이형종 김현수 김민성 김호은 유강남 이재원 정주현 ,2,6,1
2020-07-19,키움,SK,브리검,문승원,서건창 김하성 이정후 박병호 허정협 이지영 전병우 김혜성 박준태 ,최지훈 최준우 최정 로맥 한유섬 고종욱 김강민 이현석 김성현 ,3,4,1
2020-07-19,롯데,삼성,스트레일리,뷰캐넌,손아섭 한동희 정훈 이대호 전준우 마차도 안치홍 정보근 김재유 ,김상수 김지찬 구자욱 이성곤 이학주 이성규 박해민 강민호 박승규 ,2,1,0
2020-07-19,두산,KIA,이영하,이민우,박건우 페르난데스 오재일 김재환 최주환 허경민 오재원 정상호 정수빈 ,이창진 터커 최형우 나지완 김민식 유민상 나주환 박찬호 김규성 ,8,4,0
2020-07-19,KT,NC,데스파이네,이재학,김민혁 황재균 로하스 강백호 유한준 박승욱 배정대 허도환 천성호 ,박민우 이명기 나성범 양의지 박석민 강진성 노진혁 알테어 김태군 ,2,8,1
2020-07-21,키움,두산,요키시,알칸타라,서건창 김하성 이정후 박병호 허정협 이지영 김혜성 전병우 박준태 ,박건우 페르난데스 오재일 김재환 최주환 허경민 박세혁 오재원 정수빈 ,1,6,1
2020-07-21,롯데,SK,샘슨,핀토,손아섭 한동희 전준우 이대호 정훈 마차도 안치홍 김준태 김재유 ,최지훈 최준우 최정 로맥 채태인 한유섬 고종욱 이현석 김성현 ,7,8,1
2020-07-21,LG,KT,윌슨,배제성,홍창기 오지환 김현수 라모스 이형종 김민성 김호은 유강남 정주현 ,김민혁 황재균 로하스 강백호 유한준 배정대 박경수 장성우 박승욱 ,9,10,1
2020-07-21,KIA,한화,가뇽,김범수,이창진 터커 최형우 나지완 황대인 나주환 박찬호 한승택 김규성 ,이용규 정은원 하주석 반즈 최진행 강경학 김태균 김지수 최재훈 ,10,2,0
2020-07-21,삼성,NC,백정현,최성영,김상수 구자욱 김동엽 이원석 최영진 이학주 박승규 강민호 박해민 ,박민우 권희동 나성범 양의지 박석민 강진성 모창민 알테어 김찬형 ,5,6,1
2020-07-22,KIA,한화,양현종,김민우,이창진 터커 최형우 나지완 김민식 유민상 나주환 박찬호 김규성 ,이용규 최진행 반즈 김태균 정은원 이해창 하주석 유장혁 박정현 ,2,1,0
2020-07-24,LG,두산,차우찬,유희관,홍창기 김현수 이형종 라모스 김민성 오지환 유강남 이재원 정주현 ,박건우 페르난데스 오재일 김재환 최주환 허경민 오재원 정수빈 정상호 ,8,1,0
2020-07-24,롯데,키움,박세웅,최원태,정훈 손아섭 전준우 이대호 오윤석 마차도 안치홍 민병헌 김준태 ,김혜성 서건창 이정후 김하성 박병호 박동원 김웅빈 전병우 박준태 ,4,2,0
2020-07-24,NC,KT,루친스키,쿠에바스,박민우 권희동 나성범 알테어 강진성 박석민 노진혁 모창민 김태군 ,김민혁 황재균 로하스 강백호 조용호 장성우 배정대 박경수 심우준 ,3,2,0
2020-07-24,SK,한화,박종훈,장시환,정진기 최준우 최정 로맥 한유섬 채태인 김강민 이현석 김성현 ,이용규 정은원 반즈 김태균 하주석 오선진 정기훈 최재훈 이동훈 ,7,4,0
2020-07-25,LG,두산,켈리,최원준,홍창기 오지환 김현수 라모스 김민성 김호은 이형종 유강남 정주현 ,박건우 페르난데스 오재일 김재환 최주환 허경민 오재원 정수빈 정상호 ,3,7,1
2020-07-25,롯데,키움,스트레일리,한현희,정훈 손아섭 전준우 이대호 오윤석 마차도 안치홍 정보근 민병헌 ,김혜성 김하성 서건창 이정후 박병호 박동원 전병우 주효상 박준태 ,6,3,0
2020-07-25,NC,KT,라이트,데스파이네,박민우 이명기 나성범 알테어 강진성 노진혁 모창민 김태군 이상호 ,조용호 황재균 로하스 강백호 유한준 배정대 박경수 장성우 심우준 ,2,6,1
2020-07-25,삼성,KIA,라이블리,브룩스,김상수 구자욱 이학주 이원석 이성곤 이성규 박해민 강민호 박찬도 ,이창진 터커 최형우 나지완 김민식 유민상 나주환 박찬호 김규성 ,2,8,1
2020-07-26,LG,두산,이민호,이영하,홍창기 오지환 김현수 라모스 김민성 김호은 이형종 유강남 정주현 ,박건우 페르난데스 오재일 김재환 최주환 허경민 김재호 정수빈 정상호 ,4,3,0
2020-07-26,롯데,키움,서준원,김재웅,정훈 손아섭 전준우 이대호 오윤석 마차도 안치홍 정보근 민병헌 ,김혜성 김하성 서건창 이정후 박병호 박동원 전병우 박주홍 박준태 ,1,8,1
2020-07-26,NC,KT,구창모,김민수,박민우 이명기 나성범 양의지 강진성 노진혁 알테어 김찬형 권희동 ,조용호 황재균 로하스 강백호 유한준 배정대 박경수 장성우 심우준 ,4,5,1
2020-07-26,SK,한화,문승원,서폴드,고종욱 최준우 최정 로맥 한유섬 채태인 이재원 김성현 최지훈 ,이용규 정은원 반즈 김태균 하주석 최진행 정기훈 최재훈 이동훈 ,7,4,0
2020-07-26,삼성,KIA,뷰캐넌,임기영,김상수 구자욱 이학주 이원석 이성곤 이성규 송준석 강민호 박해민 ,이창진 터커 최형우 나지완 김민식 유민상 나주환 박찬호 김규성 ,5,8,1
2020-07-28,키움,두산,요키시,알칸타라,서건창 김하성 러셀 이정후 박병호 박동원 김혜성 허정협 박준태 ,박건우 페르난데스 오재일 김재환 최주환 허경민 김재호 정수빈 정상호 ,6,2,0
2020-07-28,LG,SK,윌슨,핀토,홍창기 오지환 채은성 김현수 김민성 라모스 이형종 유강남 정주현 ,최지훈 최준우 최정 로맥 한유섬 채태인 고종욱 이현석 김성현 ,24,7,0
2020-07-28,NC,롯데,이재학,노경은,박민우 이명기 나성범 양의지 강진성 박석민 노진혁 알테어 김형준 ,정훈 손아섭 전준우 이대호 한동희 마차도 안치홍 민병헌 김준태 ,9,11,1
2020-07-29,LG,SK,정찬헌,백승건,홍창기 오지환 채은성 김현수 김민성 라모스 이형종 유강남 정주현 ,최지훈 한유섬 최정 로맥 채태인 오준혁 최준우 이재원 김성현 ,11,6,0
2020-07-29,한화,삼성,김범수,원태인,이용규 하주석 반즈 최진행 오선진 김태균 강경학 최재훈 유장혁 ,김상수 박승규 구자욱 이원석 이학주 이성규 김호재 강민호 박해민 ,12,7,0
2020-07-30,키움,두산,최원태,유희관,서건창 김하성 러셀 이정후 박동원 박병호 김혜성 박주홍 박준태 ,정수빈 페르난데스 오재일 김재환 최주환 허경민 김재호 김인태 장승현 ,8,5,0
2020-07-30,LG,SK,임찬규,박종훈,홍창기 오지환 채은성 김현수 김민성 라모스 이형종 이성우 구본혁 ,최지훈 한유섬 최정 채태인 윤석민 오준혁 최준우 이재원 김성현 ,9,1,0
2020-07-30,한화,삼성,김민우,최채흥,이용규 강경학 반즈 김태균 최진행 최재훈 노시환 유장혁 하주석 ,김상수 구자욱 이학주 이원석 이성곤 박해민 강민호 박찬도 김지찬 ,1,2,1
2020-07-30,KT,KIA,데스파이네,양현종,조용호 황재균 로하스 강백호 유한준 배정대 박경수 장성우 심우준 ,이창진 터커 최형우 나지완 김민식 유민상 나주환 박찬호 김규성 ,4,1,0
2020-07-31,한화,LG,장시환,켈리,노수광 이용규 반즈 김태균 하주석 최진행 정은원 이해창 노시환 ,홍창기 오지환 채은성 김현수 김민성 라모스 이형종 유강남 정주현 ,2,1,0
2020-07-31,SK,KT,문승원,쿠에바스,최지훈 오준혁 최정 로맥 한유섬 채태인 이재원 김성현 최준우 ,조용호 황재균 로하스 강백호 유한준 배정대 박경수 장성우 심우준 ,1,11,1
2020-07-31,키움,삼성,한현희,라이블리,김혜성 김하성 러셀 이정후 서건창 김웅빈 전병우 주효상 박준태 ,김지찬 구자욱 박해민 이원석 이성곤 박찬도 김호재 김민수 김재현 ,10,3,0
2020-07-31,KIA,롯데,브룩스,스트레일리,이창진 터커 최형우 나지완 유민상 나주환 한승택 박찬호 김규성 ,정훈 손아섭 전준우 이대호 한동희 마차도 안치홍 정보근 민병헌 ,3,2,0
2020-07-31,두산,NC,최원준,루친스키,박건우 페르난데스 오재일 김재환 최주환 허경민 김재호 정수빈 정상호 ,박민우 이명기 나성범 양의지 박석민 노진혁 강진성 알테어 김성욱 ,7,10,1
2020-08-01,한화,LG,서폴드,김윤식,이용규 정은원 반즈 김태균 최진행 최재훈 하주석 노시환 유장혁 ,홍창기 오지환 채은성 김현수 김민성 라모스 유강남 장준원 정주현 ,6,9,1
2020-08-01,SK,KT,이건욱,소형준,최지훈 고종욱 최정 로맥 채태인 이재원 김강민 정현 김성현 ,조용호 황재균 로하스 강백호 유한준 배정대 박경수 장성우 심우준 ,0,11,1
2020-08-01,키움,삼성,브리검,뷰캐넌,김혜성 김하성 러셀 이정후 허정협 박병호 이지영 전병우 박준태 ,김지찬 구자욱 박해민 이원석 김상수 김호재 이학주 김민수 박승규 ,22,7,0
2020-08-01,KIA,롯데,임기영,박세웅,이창진 김선빈 터커 최형우 나지완 김민식 유민상 나주환 박찬호 ,정훈 손아섭 전준우 이대호 한동희 마차도 신본기 민병헌 김준태 ,3,7,1
2020-08-01,두산,NC,이영하,라이트,박건우 페르난데스 오재일 김재환 최주환 허경민 김재호 정수빈 정상호 ,이명기 나성범 강진성 양의지 박석민 노진혁 모창민 알테어 지석훈 ,12,10,0
2020-08-02,키움,삼성,요키시,윤성환,서건창 김하성 러셀 이정후 박동원 박병호 허정협 전병우 박준태 ,박승규 박해민 김상수 구자욱 김동엽 김호재 이학주 김응민 이성규 ,4,2,0
2020-08-02,KIA,롯데,가뇽,노경은,이창진 김선빈 터커 최형우 나지완 김민식 유민상 나주환 박찬호 ,정훈 손아섭 전준우 이대호 한동희 마차도 신본기 민병헌 김준태 ,0,8,1
2020-08-02,두산,NC,알칸타라,최성영,박건우 페르난데스 최주환 오재일 허경민 김재호 정수빈 김인태 정상호 ,이명기 김준완 나성범 강진성 노진혁 권희동 김형준 지석훈 이상호 ,7,4,0
2020-08-04,삼성,두산,원태인,이승진,박해민 박승규 구자욱 이원석 김동엽 강민호 김호재 양우현 김지찬 ,박건우 페르난데스 오재일 김재환 허경민 최주환 박세혁 김재호 정수빈 ,6,3,0
2020-08-04,KT,키움,데스파이네,이승호,조용호 황재균 로하스 강백호 유한준 배정대 박경수 장성우 심우준 ,서건창 김하성 러셀 이정후 허정협 박병호 이지영 김웅빈 박준태 ,4,2,0
2020-08-04,롯데,SK,서준원,핀토,정훈 손아섭 전준우 이대호 한동희 마차도 안치홍 정보근 민병헌 ,최지훈 한유섬 최정 로맥 채태인 오준혁 최준우 이재원 김성현 ,8,0,0
2020-08-04,LG,KIA,윌슨,이민우,홍창기 오지환 채은성 김현수 김민성 라모스 이형종 유강남 정주현 ,이창진 김선빈 터커 최형우 나지완 유민상 나주환 한승택 박찬호 ,15,5,0
2020-08-05,KT,키움,김민수,최원태,조용호 황재균 로하스 강백호 유한준 배정대 박경수 장성우 심우준 ,서건창 김하성 러셀 이정후 박동원 박병호 김혜성 허정협 박준태 ,3,12,1
2020-08-05,NC,한화,이재학,김민우,이명기 권희동 나성범 양의지 강진성 박석민 노진혁 모창민 지석훈 ,이용규 노수광 반즈 김태균 하주석 강경학 정은원 최재훈 노시환 ,5,8,1
2020-08-05,LG,KIA,이민호,양현종,홍창기 오지환 채은성 김현수 김민성 라모스 이형종 유강남 정주현 ,이창진 김선빈 터커 최형우 나지완 유민상 김민식 나주환 김규성 ,6,4,0
2020-08-06,삼성,두산,라이블리,최원준,박해민 박승규 구자욱 이원석 강민호 김동엽 김호재 김지찬 박계범 ,박건우 정수빈 페르난데스 오재일 최주환 김재호 박세혁 김인태 이유찬 ,2,5,1
2020-08-06,KT,키움,쿠에바스,한현희,조용호 황재균 로하스 강백호 유한준 박승욱 장성우 송민섭 심우준 ,김혜성 김하성 이정후 박동원 김웅빈 박병호 전병우 주효상 박준태 ,2,3,1
2020-08-06,롯데,SK,스트레일리,김주한,정훈 손아섭 전준우 이대호 한동희 마차도 안치홍 정보근 민병헌 ,최지훈 최준우 최정 채태인 로맥 한유섬 이흥련 김성현 김재현 ,8,2,0
2020-08-06,NC,한화,루친스키,장시환,이명기 권희동 나성범 양의지 강진성 박석민 노진혁 지석훈 김준완 ,이용규 노수광 반즈 최진행 하주석 김태균 정은원 이해창 노시환 ,4,1,0
2020-08-06,LG,KIA,임찬규,브룩스,홍창기 오지환 채은성 김현수 김민성 라모스 장준원 이성우 정주현 ,이창진 김선빈 터커 최형우 나지완 유민상 나주환 한승택 박찬호 ,1,13,1
2020-08-07,롯데,두산,박세웅,이영하,정훈 손아섭 전준우 이대호 한동희 마차도 안치홍 김준태 김재유 ,박건우 정수빈 페르난데스 오재일 최주환 허경민 김재호 박세혁 김인태 ,8,4,0
2020-08-07,LG,키움,켈리,브리검,이형종 오지환 채은성 김현수 김민성 라모스 김용의 유강남 정주현 ,김혜성 김하성 이정후 김웅빈 박병호 이지영 허정협 전병우 박준태 ,5,2,0
2020-08-07,삼성,SK,뷰캐넌,이건욱,박해민 박승규 구자욱 강민호 김헌곤 박계범 김호재 김지찬 이성규 ,최지훈 최준우 최정 채태인 윤석민 한유섬 이흥련 김성현 김재현 ,2,0,0
2020-08-08,LG,키움,김윤식,요키시,홍창기 오지환 채은성 김현수 김민성 라모스 이형종 유강남 정주현 ,김혜성 김하성 러셀 이정후 박병호 박동원 허정협 전병우 박준태 ,1,5,1
2020-08-08,삼성,SK,윤성환,문승원,박해민 박승규 구자욱 강민호 김헌곤 박계범 김지찬 김도환 김호재 ,최지훈 한유섬 최정 채태인 로맥 김강민 이흥련 김성현 최항 ,2,4,1
2020-08-08,NC,KIA,라이트,가뇽,이명기 김준완 나성범 양의지 박석민 노진혁 모창민 이원재 지석훈 ,김선빈 터커 최형우 나지완 김민식 유민상 나주환 최원준 박찬호 ,2,3,1
2020-08-09,LG,키움,윌슨,이승호,홍창기 오지환 채은성 김현수 김민성 라모스 이형종 유강남 정주현 ,서건창 김하성 러셀 이정후 박병호 김웅빈 김혜성 이지영 박준태 ,1,2,1
2020-08-09,KT,한화,데스파이네,채드벨,조용호 황재균 로하스 강백호 유한준 배정대 박경수 장성우 심우준 ,이용규 노수광 반즈 최진행 하주석 김태균 정은원 최재훈 노시환 ,6,3,0
2020-08-09,NC,KIA,최성영,임기영,이명기 김준완 나성범 양의지 박석민 노진혁 이원재 권희동 지석훈 ,김선빈 터커 최형우 나지완 유민상 한승택 나주환 김호령 박찬호 ,8,1,0
2020-08-11,KIA,LG,양현종,정찬헌,김선빈 터커 최형우 나지완 김민식 유민상 나주환 최원준 박찬호 ,홍창기 오지환 채은성 김현수 김민성 라모스 이형종 유강남 정주현 ,8,4,0
2020-08-11,한화,키움,서폴드,최원태,이용규 노수광 하주석 최진행 반즈 김태균 강경학 이해창 정은원 ,서건창 김하성 러셀 이정후 박병호 허정협 김혜성 주효상 박준태 ,7,5,0
2020-08-11,SK,KT,핀토,소형준,최지훈 한유섬 최정 채태인 로맥 최준우 김강민 이흥련 김성현 ,조용호 황재균 로하스 강백호 유한준 배정대 박경수 장성우 심우준 ,1,6,1
2020-08-11,두산,삼성,유희관,원태인,박건우 페르난데스 오재일 김재환 최주환 허경민 박세혁 김재호 정수빈 ,박해민 박승규 구자욱 강민호 이성곤 김헌곤 박계범 김지찬 김호재 ,6,1,0
2020-08-12,KIA,LG,브룩스,임찬규,김호령 터커 최형우 나지완 유민상 한승택 나주환 박찬호 김규성 ,홍창기 오지환 채은성 김현수 이형종 라모스 김민성 유강남 정주현 ,0,8,1
2020-08-12,한화,키움,김민우,한현희,이용규 노수광 하주석 김태균 강경학 반즈 임종찬 최재훈 정기훈 ,서건창 김하성 이정후 러셀 박병호 김혜성 전병우 주효상 박준태 ,2,3,1
2020-08-12,SK,KT,박종훈,쿠에바스,최지훈 최항 최정 채태인 한유섬 로맥 오준혁 이재원 김성현 ,조용호 황재균 로하스 강백호 유한준 배정대 박경수 장성우 심우준 ,11,2,0
2020-08-12,두산,삼성,최원준,최채흥,박건우 페르난데스 오재일 김재환 최주환 허경민 김재호 정수빈 최용제 ,박해민 박승규 구자욱 강민호 김동엽 김헌곤 김지찬 박계범 이성규 ,15,8,0
2020-08-12,NC,롯데,루친스키,스트레일리,이명기 나성범 알테어 양의지 박석민 노진혁 모창민 이원재 지석훈 ,정훈 손아섭 전준우 이대호 한동희 마차도 안치홍 정보근 민병헌 ,4,8,1
2020-08-13,KIA,LG,이민우,켈리,최원준 터커 최형우 김민식 유민상 나주환 오선우 박찬호 김규성 ,홍창기 오지환 채은성 김현수 김민성 라모스 유강남 장준원 정주현 ,2,4,1
2020-08-13,한화,키움,박주홍,브리검,이용규 강경학 노수광 최진행 하주석 최재훈 임종찬 노시환 정은원 ,서건창 김하성 이정후 러셀 박병호 허정협 이지영 김혜성 박준태 ,3,6,1
2020-08-13,SK,KT,이건욱,배제성,최지훈 최항 최정 한유섬 로맥 오준혁 이흥련 김성현 김재현 ,조용호 황재균 로하스 강백호 유한준 배정대 박경수 장성우 심우준 ,10,6,0
2020-08-13,두산,삼성,이영하,라이블리,박건우 페르난데스 오재일 김재환 최주환 박세혁 정수빈 오재원 이유찬 ,박해민 박승규 구자욱 이원석 김헌곤 강민호 김지찬 박계범 이성규 ,2,3,1
2020-08-13,NC,롯데,신민혁,샘슨,이명기 나성범 알테어 양의지 박석민 모창민 노진혁 권희동 지석훈 ,정훈 손아섭 전준우 이대호 한동희 마차도 안치홍 민병헌 김준태 ,9,2,0
2020-08-14,KT,두산,데스파이네,알칸타라,배정대 황재균 로하스 강백호 유한준 장성우 김민혁 박승욱 심우준 ,박건우 정수빈 페르난데스 김재환 최주환 허경민 박세혁 김재호 오재원 ,5,3,0
2020-08-14,삼성,한화,뷰캐넌,장시환,박해민 구자욱 김헌곤 이원석 이성곤 강민호 박계범 김지찬 박승규 ,이용규 노수광 하주석 최진행 김태균 정은원 오선진 이해창 임종찬 ,10,1,0
2020-08-14,SK,KIA,문승원,가뇽,최지훈 오태곤 최정 한유섬 로맥 오준혁 최준우 이흥련 김성현 ,최원준 터커 최형우 나지완 유민상 한승택 나주환 홍종표 김규성 ,6,7,1
2020-08-14,키움,롯데,양현,박세웅,서건창 김하성 이정후 러셀 김웅빈 김혜성 전병우 주효상 송우현 ,정훈 손아섭 전준우 이대호 한동희 마차도 안치홍 민병헌 김준태 ,1,5,1
2020-08-14,LG,NC,김윤식,라이트,홍창기 신민재 채은성 김현수 이형종 라모스 김민성 이성우 구본혁 ,이명기 권희동 나성범 알테어 양의지 박석민 모창민 박준영 지석훈 ,10,4,0
2020-08-15,KT,두산,김민수,이승진,조용호 김민혁 로하스 강백호 황재균 배정대 이홍구 박승욱 심우준 ,박건우 정수빈 오재일 김재환 페르난데스 최주환 허경민 김재호 최용제 ,5,7,1
2020-08-15,삼성,한화,윤성환,채드벨,박해민 김헌곤 구자욱 이원석 김동엽 박계범 김지찬 김도환 박승규 ,이용규 노수광 하주석 김태균 강경학 최재훈 임종찬 노시환 유장혁 ,2,0,0
2020-08-15,SK,KIA,김주한,김기훈,오태곤 김강민 최정 채태인 로맥 한유섬 이재원 최준우 유서준 ,최원준 터커 최형우 나지완 유민상 김민식 나주환 박찬호 김규성 ,3,10,1
2020-08-15,키움,롯데,이승호,노경은,김혜성 김하성 이정후 러셀 김웅빈 허정협 이지영 전병우 박준태 ,정훈 손아섭 전준우 이대호 한동희 마차도 안치홍 민병헌 김준태 ,3,1,0
2020-08-15,LG,NC,윌슨,이재학,홍창기 오지환 채은성 김현수 김민성 라모스 이형종 유강남 정주현 ,이명기 나성범 알테어 양의지 박석민 이원재 지석훈 김태군 박준영 ,13,4,0
2020-08-16,KT,두산,소형준,유희관,조용호 황재균 로하스 강백호 유한준 배정대 장성우 강민국 박승욱 ,박건우 정수빈 페르난데스 김재환 국해성 허경민 김재호 최용제 이유찬 ,4,1,0
2020-08-16,삼성,한화,원태인,서폴드,박해민 구자욱 김동엽 이원석 강민호 김헌곤 박계범 김지찬 이성규 ,이용규 강경학 노수광 최진행 송광민 최재훈 오선진 임종찬 노시환 ,2,3,1
2020-08-16,SK,KIA,핀토,양현종,최지훈 오태곤 최정 채태인 로맥 김강민 이흥련 김성현 최준우 ,최원준 유민상 최형우 나지완 김민식 나주환 오선우 박찬호 김규성 ,5,8,1
2020-08-16,키움,롯데,최원태,서준원,서건창 김웅빈 이정후 러셀 전병우 김혜성 송우현 주효상 박준태 ,정훈 손아섭 전준우 이대호 한동희 마차도 안치홍 정보근 김재유 ,6,3,0
2020-08-16,LG,NC,이민호,최성영,이형종 오지환 채은성 김현수 김민성 라모스 유강남 장준원 정주현 ,이명기 권희동 나성범 양의지 박석민 이원재 알테어 노진혁 이상호 ,6,5,0
2020-08-18,KT,삼성,쿠에바스,최채흥,조용호 황재균 로하스 강백호 유한준 배정대 장성우 박승욱 심우준 ,박해민 김지찬 구자욱 이원석 김동엽 이성곤 강민호 김헌곤 박계범 ,6,3,0
2020-08-18,두산,롯데,최원준,스트레일리,박건우 페르난데스 오재일 김재환 최주환 김재호 허경민 정수빈 정상호 ,정훈 손아섭 전준우 이대호 한동희 마차도 안치홍 민병헌 김준태 ,9,2,0
2020-08-18,KIA,LG,브룩스,임찬규,최원준 터커 최형우 나지완 유민상 나주환 한승택 박찬호 김규성 ,홍창기 오지환 채은성 김현수 김민성 라모스 박용택 유강남 정주현 ,5,6,1
2020-08-18,한화,SK,김민우,박종훈,이용규 노수광 정진호 하주석 강경학 최인호 임종찬 정기훈 최재훈 ,최지훈 최항 최정 한유섬 로맥 고종욱 최준우 이재원 김성현 ,3,9,1
2020-08-18,키움,NC,한현희,루친스키,서건창 김하성 이정후 러셀 김웅빈 김혜성 임병욱 주효상 박준태 ,이명기 권희동 나성범 양의지 박석민 이원재 노진혁 알테어 지석훈 ,1,5,1
2020-08-19,KT,삼성,데스파이네,라이블리,조용호 황재균 로하스 강백호 유한준 배정대 장성우 박승욱 심우준 ,박해민 구자욱 김동엽 이원석 김헌곤 강민호 박계범 김지찬 이성규 ,6,4,0
2020-08-19,두산,롯데,이영하,샘슨,박건우 정수빈 페르난데스 김재환 최주환 김재호 김인태 이유찬 정상호 ,정훈 손아섭 전준우 이대호 한동희 마차도 안치홍 정보근 김재유 ,3,7,1
2020-08-19,한화,SK,박주홍,이건욱,이용규 강경학 노수광 최진행 하주석 송광민 최재훈 임종찬 노시환 ,최지훈 오태곤 최정 로맥 한유섬 김강민 최항 이흥련 김성현 ,6,26,1
2020-08-19,KIA,LG,이민우,켈리,최원준 터커 최형우 나지완 김민식 유민상 나주환 박찬호 홍종표 ,홍창기 오지환 채은성 김현수 이형종 라모스 유강남 장준원 정주현 ,1,10,1
2020-08-19,키움,NC,브리검,신민혁,서건창 김하성 이정후 러셀 박병호 허정협 이지영 김혜성 박준태 ,이명기 권희동 나성범 양의지 모창민 노진혁 알테어 최정원 지석훈 ,6,4,0
2020-08-20,KT,한화,배제성,장시환,조용호 황재균 로하스 유한준 배정대 천성호 박승욱 이홍구 심우준 ,이용규 노수광 강경학 최진행 하주석 송광민 최인호 이해창 오선진 ,3,0,0
2020-08-20,NC,KIA,라이트,가뇽,이명기 최정원 나성범 양의지 강진성 노진혁 알테어 김태군 지석훈 ,최원준 터커 최형우 나지완 김민식 유민상 홍종표 김호령 김규성 ,14,2,0
2020-08-20,삼성,SK,뷰캐넌,백승건,박해민 구자욱 김동엽 강민호 김헌곤 박계범 이학주 김지찬 이성규 ,고종욱 최항 최정 채태인 한유섬 로맥 이흥련 김성현 최지훈 ,8,3,0
2020-08-20,LG,키움,김윤식,요키시,홍창기 오지환 채은성 김현수 이형종 라모스 유강남 장준원 정주현 ,서건창 김하성 이정후 러셀 박동원 김웅빈 허정협 전병우 김혜성 ,5,6,1
2020-08-20,롯데,두산,박세웅,알칸타라,정훈 손아섭 전준우 이대호 한동희 마차도 안치홍 민병헌 김준태 ,박건우 정수빈 페르난데스 김재환 최주환 김재호 김인태 이유찬 정상호 ,6,5,0
2020-08-21,롯데,두산,노경은,이승진,정훈 한동희 전준우 이대호 마차도 안치홍 민병헌 김준태 김재유 ,박건우 정수빈 페르난데스 김재환 최주환 김재호 김인태 이유찬 최용제 ,0,1,1
2020-08-21,LG,키움,윌슨,이승호,홍창기 오지환 채은성 김현수 이형종 라모스 유강남 장준원 정주현 ,서건창 김하성 이정후 러셀 김웅빈 김혜성 이지영 송우현 변상권 ,7,3,0
2020-08-21,삼성,SK,윤성환,문승원,박해민 김헌곤 구자욱 김동엽 박계범 이성규 이학주 김도환 김지찬 ,최지훈 고종욱 최정 한유섬 로맥 최항 오태곤 이흥련 김성현 ,6,8,1
2020-08-21,KT,한화,김민수,채드벨,조용호 황재균 로하스 강백호 유한준 배정대 장성우 강민국 심우준 ,이용규 노수광 송광민 반즈 최재훈 강경학 오선진 임종찬 노시환 ,1,5,1
2020-08-21,NC,KIA,송명기,임기영,이명기 최정원 나성범 양의지 이원재 노진혁 알테어 김성욱 지석훈 ,최원준 터커 최형우 나지완 황대인 한승택 홍종표 고장혁 박찬호 ,10,4,0
2020-08-22,KIA,키움,양현종,김태훈,최원준 터커 최형우 나지완 김민식 유민상 홍종표 박찬호 김규성 ,서건창 김하성 이정후 러셀 김웅빈 허정협 박동원 전병우 박준태 ,3,4,1
2020-08-22,두산,SK,김민규,핀토,박건우 페르난데스 오재일 김재환 최주환 김재호 정수빈 이유찬 최용제 ,최지훈 고종욱 최정 한유섬 로맥 최항 오태곤 이흥련 김성현 ,8,1,0
2020-08-22,롯데,삼성,서준원,원태인,정훈 안치홍 전준우 이대호 한동희 민병헌 신본기 김재유 정보근 ,박해민 김지찬 구자욱 강민호 이성곤 김헌곤 김동엽 이학주 박계범 ,5,3,0
2020-08-23,한화,LG,김민우,임찬규,이용규 강경학 송광민 반즈 하주석 최진행 최재훈 최인호 노수광 ,홍창기 오지환 채은성 김현수 이형종 라모스 유강남 장준원 정주현 ,4,3,0
2020-08-23,KIA,키움,브룩스,한현희,최원준 터커 최형우 나지완 김민식 유민상 박찬호 고장혁 김규성 ,서건창 김하성 이정후 러셀 김웅빈 허정협 김혜성 주효상 박준태 ,8,7,0
2020-08-23,두산,SK,최원준,박종훈,정수빈 페르난데스 오재일 김재환 최주환 박건우 김재호 이유찬 최용제 ,최지훈 고종욱 최정 한유섬 로맥 화이트 최항 이흥련 김성현 ,8,1,0
2020-08-23,NC,KT,최성영,소형준,이명기 박민우 나성범 양의지 모창민 노진혁 알테어 김형준 지석훈 ,김민혁 황재균 로하스 강백호 유한준 배정대 장성우 박승욱 심우준 ,1,10,1
2020-08-23,롯데,삼성,스트레일리,최채흥,정훈 마차도 전준우 이대호 한동희 신용수 신본기 민병헌 정보근 ,박해민 김상수 구자욱 팔카 강민호 이원석 박찬도 박계범 김지찬 ,11,0,0
2020-08-24,한화,LG,김이환,정찬헌,이용규 강경학 반즈 이성열 하주석 노시환 노수광 임종찬 이해창 ,홍창기 오지환 채은성 김현수 이형종 라모스 장준원 이성우 정주현 ,6,3,0
2020-08-24,NC,KT,루친스키,쿠에바스,이명기 김준완 박민우 나성범 양의지 모창민 노진혁 김태군 지석훈 ,김민혁 황재균 로하스 강백호 유한준 배정대 장성우 박승욱 심우준 ,1,8,1
2020-08-25,KIA,두산,이민우,이영하,최원준 터커 최형우 나지완 김민식 유민상 박찬호 고장혁 김규성 ,박건우 정수빈 페르난데스 오재일 최주환 김재환 김재호 박세혁 이유찬 ,8,10,1
2020-08-25,키움,KT,브리검,데스파이네,서건창 김하성 이정후 김웅빈 허정협 이지영 김혜성 전병우 변상권 ,조용호 황재균 로하스 강백호 유한준 배정대 장성우 박승욱 심우준 ,4,1,0
2020-08-25,LG,삼성,켈리,라이블리,홍창기 오지환 채은성 김현수 이형종 라모스 유강남 손호영 정주현 ,김상수 구자욱 팔카 이원석 박해민 강민호 김헌곤 박계범 김지찬 ,3,4,1
2020-08-25,SK,롯데,이건욱,샘슨,최지훈 화이트 최정 한유섬 로맥 고종욱 최항 이재원 김성현 ,정훈 손아섭 전준우 이대호 한동희 마차도 안치홍 김재유 정보근 ,10,8,0
2020-08-25,한화,NC,서폴드,신민혁,이용규 노수광 반즈 이성열 강경학 노시환 하주석 최인호 최재훈 ,박민우 이명기 나성범 양의지 강진성 노진혁 김성욱 알테어 박준영 ,3,11,1
2020-08-26,KIA,두산,가뇽,알칸타라,최원준 터커 최형우 나지완 유민상 한승택 홍종표 박찬호 김규성 ,정수빈 페르난데스 오재일 김재환 최주환 박건우 김재호 박세혁 이유찬 ,7,5,0
2020-08-26,키움,KT,김재웅,배제성,서건창 김하성 이정후 러셀 허정협 이지영 전병우 김웅빈 김혜성 ,조용호 황재균 로하스 강백호 유한준 배정대 박승욱 이홍구 심우준 ,5,6,1
2020-08-26,LG,삼성,이민호,허윤동,홍창기 오지환 채은성 김현수 이형종 라모스 유강남 손호영 정주현 ,김상수 구자욱 팔카 이원석 박해민 강민호 김헌곤 김지찬 이성규 ,8,5,0
2020-08-26,SK,롯데,백승건,박세웅,최지훈 김경호 최정 한유섬 로맥 채태인 최항 이재원 김성민 ,정훈 한동희 전준우 이대호 마차도 안치홍 신본기 김준태 신용수 ,1,3,1
2020-08-26,한화,NC,장시환,라이트,이용규 노수광 반즈 최진행 하주석 노시환 강경학 임종찬 이해창 ,박민우 이명기 나성범 양의지 강진성 노진혁 권희동 알테어 박준영 ,5,9,1
2020-08-27,KT,LG,김민수,김윤식,조용호 황재균 로하스 강백호 유한준 배정대 장성우 박승욱 심우준 ,홍창기 오지환 박용택 김현수 이형종 라모스 정근우 유강남 손호영 ,0,2,1
2020-08-27,KIA,SK,임기영,문승원,최원준 터커 최형우 나지완 김민식 유민상 홍종표 박찬호 김규성 ,최지훈 고종욱 최정 채태인 로맥 한유섬 최항 이재원 김성현 ,4,10,1
2020-08-27,삼성,한화,김대우,채드벨,김상수 박승규 팔카 이원석 김동엽 김헌곤 강민호 김지찬 김호재 ,이용규 노수광 송광민 이성열 노시환 하주석 반즈 노태형 최재훈 ,0,7,1
2020-08-27,키움,롯데,김태훈,노경은,서건창 김하성 러셀 허정협 전병우 박동원 김혜성 김규민 변상권 ,정훈 손아섭 전준우 마차도 한동희 안치홍 허일 김준태 김재유 ,11,6,0
2020-08-27,두산,NC,이승진,송명기,박건우 페르난데스 오재일 김재환 최주환 정수빈 최용제 이유찬 서예일 ,박민우 이명기 나성범 양의지 강진성 박석민 노진혁 알테어 김준완 ,2,8,1
2020-08-28,KT,LG,소형준,윌슨,김민혁 황재균 로하스 강백호 유한준 배정대 장성우 강민국 박승욱 ,홍창기 김호은 라모스 김현수 이형종 양석환 유강남 구본혁 정주현 ,5,6,1
2020-08-28,KIA,SK,양현종,핀토,최원준 터커 최형우 나지완 유민상 김민식 박찬호 황윤호 홍종표 ,최지훈 오태곤 최정 정의윤 로맥 김강민 이흥련 최항 김성현 ,11,8,0
2020-08-28,키움,롯데,윤정현,서준원,서건창 김혜성 김하성 허정협 박동원 전병우 김웅빈 김규민 변상권 ,정훈 손아섭 전준우 이대호 한동희 마차도 안치홍 정보근 신본기 ,8,4,0
2020-08-28,두산,NC,유희관,김진호,박건우 페르난데스 오재일 김재환 최주환 허경민 정수빈 김재호 박세혁 ,박민우 권희동 나성범 양의지 강진성 박석민 모창민 알테어 지석훈 ,11,4,0
2020-08-29,삼성,키움,뷰캐넌,한현희,박해민 김상수 구자욱 팔카 이원석 김동엽 강민호 김지찬 박계범 ,서건창 김하성 이정후 러셀 허정협 전병우 김웅빈 주효상 변상권 ,5,4,0
2020-08-29,한화,롯데,김이환,스트레일리,이용규 노수광 하주석 반즈 노시환 이성열 송광민 이해창 노태형 ,정훈 손아섭 전준우 이대호 한동희 마차도 안치홍 정보근 오윤석 ,7,9,1
2020-08-29,SK,NC,박종훈,루친스키,최지훈 고종욱 최정 한유섬 로맥 오태곤 최항 이재원 김성현 ,박민우 최정원 나성범 양의지 이원재 노진혁 박석민 알테어 김성욱 ,5,9,1
2020-08-30,두산,LG,김민규,켈리,정수빈 페르난데스 오재일 김재환 최주환 허경민 국해성 김재호 최용제 ,홍창기 양석환 라모스 김현수 이형종 유강남 이재원 구본혁 정주현 ,1,4,1
2020-08-30,삼성,키움,라이블리,브리검,박해민 김상수 구자욱 팔카 이원석 김동엽 박계범 김지찬 김도환 ,서건창 김하성 이정후 러셀 허정협 김웅빈 김혜성 이지영 변상권 ,2,3,1
2020-08-30,KT,KIA,쿠에바스,이민우,김민혁 황재균 로하스 강백호 유한준 배정대 천성호 이홍구 심우준 ,최원준 홍종표 터커 나지완 유민상 한승택 오선우 박찬호 김규성 ,5,7,1
2020-08-30,한화,롯데,서폴드,샘슨,이용규 노수광 하주석 이성열 노시환 반즈 최재훈 최인호 노태형 ,정훈 손아섭 전준우 이대호 한동희 마차도 안치홍 김준태 오윤석 ,2,6,1
2020-08-30,SK,NC,이건욱,신민혁,최지훈 고종욱 최정 채태인 로맥 김강민 최항 이재원 김성현 ,박민우 이명기 나성범 양의지 박석민 노진혁 강진성 이원재 알테어 ,4,7,1
2020-08-30,KT,KIA,데스파이네,김기훈,조용호 황재균 로하스 강백호 박경수 배정대 장성우 강민국 심우준 ,최원준 터커 최형우 나지완 김민식 유민상 박찬호 홍종표 황윤호 ,8,5,0
2020-09-01,한화,두산,장시환,알칸타라,이용규 노수광 하주석 반즈 노시환 이성열 송광민 강경학 최재훈 ,박건우 정수빈 페르난데스 김재환 오재일 최주환 허경민 김재호 박세혁 ,0,4,1
2020-09-01,NC,키움,라이트,김재웅,박민우 이명기 나성범 양의지 박석민 강진성 노진혁 알테어 권희동 ,김혜성 김하성 이정후 러셀 김웅빈 허정협 박동원 이지영 전병우 ,5,2,0
2020-09-01,LG,SK,정찬헌,백승건,홍창기 정근우 라모스 김현수 양석환 유강남 박용택 이재원 오지환 ,최지훈 고종욱 최정 채태인 로맥 한유섬 최항 이재원 김성현 ,13,5,0
2020-09-01,롯데,KT,박세웅,배제성,정훈 손아섭 전준우 이대호 한동희 마차도 안치홍 이병규 김준태 ,김민혁 배정대 로하스 강백호 유한준 박경수 장성우 강민국 심우준 ,2,11,1
2020-09-01,삼성,KIA,최채흥,브룩스,박해민 김상수 구자욱 팔카 이원석 김헌곤 김지찬 박계범 김응민 ,박찬호 터커 최형우 나지완 황대인 한승택 김호령 황윤호 김규성 ,0,6,1
2020-09-02,NC,키움,송명기,조영건,박민우 이명기 나성범 양의지 강진성 박석민 노진혁 알테어 김성욱 ,김혜성 김하성 이정후 러셀 김웅빈 허정협 박동원 송우현 변상권 ,4,6,1
2020-09-03,NC,LG,김영규,윌슨,박민우 이명기 나성범 양의지 알테어 노진혁 이원재 김태군 박준영 ,홍창기 오지환 라모스 김현수 양석환 유강남 박용택 이재원 정주현 ,5,6,1
2020-09-03,SK,KT,핀토,소형준,최지훈 고종욱 최정 채태인 로맥 한유섬 최항 이흥련 김성현 ,조용호 황재균 로하스 강백호 유한준 배정대 박경수 장성우 심우준 ,2,6,1
2020-09-03,키움,한화,윤정현,채드벨,김혜성 김하성 이정후 러셀 박동원 이지영 김웅빈 허정협 전병우 ,이용규 정진호 노시환 반즈 최재훈 하주석 최진행 송광민 오선진 ,6,5,0
2020-09-03,두산,삼성,이승진,원태인,박건우 페르난데스 오재일 김재환 최주환 허경민 정수빈 김재호 박세혁 ,박해민 김상수 구자욱 팔카 이원석 강민호 김헌곤 이성곤 김지찬 ,10,11,1
2020-09-03,KIA,롯데,가뇽,노경은,최원준 터커 최형우 나지완 유민상 김민식 홍종표 박찬호 김규성 ,정훈 손아섭 전준우 이대호 마차도 한동희 신본기 민병헌 김준태 ,4,3,0
2020-09-04,SK,KT,문승원,김민수,최지훈 고종욱 최정 로맥 정의윤 오태곤 김성현 이흥련 박성한 ,김민혁 황재균 로하스 강백호 유한준 박경수 이홍구 홍현빈 심우준 ,5,7,1
2020-09-04,키움,한화,한현희,김민우,서건창 김하성 이정후 러셀 전병우 김혜성 김웅빈 주효상 변상권 ,이용규 노수광 노시환 이성열 하주석 반즈 정진호 노태형 최재훈 ,1,7,1
2020-09-04,두산,삼성,유희관,뷰캐넌,박건우 페르난데스 오재일 김재환 최주환 허경민 정수빈 박세혁 서예일 ,박해민 김상수 구자욱 팔카 이원석 강민호 김헌곤 김지찬 이성규 ,5,12,1
2020-09-04,KIA,롯데,임기영,스트레일리,최원준 터커 최형우 김민식 유민상 오선우 홍종표 박찬호 김규성 ,정훈 손아섭 허일 이대호 한동희 마차도 신본기 정보근 김재유 ,7,9,1
2020-09-04,SK,KT,박종훈,데스파이네,최지훈 고종욱 최정 로맥 한유섬 김강민 최항 이재원 김성현 ,조용호 황재균 로하스 강백호 유한준 배정대 박경수 장성우 심우준 ,2,10,1
2020-09-04,KIA,롯데,양현종,서준원,박찬호 터커 최형우 나지완 유민상 한승택 홍종표 김호령 김규성 ,정훈 손아섭 전준우 이대호 한동희 마차도 안치홍 김준태 민병헌 ,6,3,0
2020-09-05,SK,두산,이건욱,최원준,최지훈 고종욱 최정 로맥 한유섬 오태곤 최항 이재원 박성한 ,박건우 페르난데스 오재일 김재환 최주환 허경민 정수빈 김재호 박세혁 ,1,5,1
2020-09-05,KT,키움,쿠에바스,브리검,조용호 황재균 로하스 강백호 배정대 김민혁 박승욱 이홍구 강민국 ,서건창 김혜성 김하성 이정후 러셀 김웅빈 전병우 이지영 허정협 ,8,1,0
2020-09-05,KIA,한화,이민우,서폴드,최원준 터커 최형우 나지완 김민식 유민상 홍종표 김태진 박찬호 ,이용규 노수광 하주석 이성열 노시환 반즈 강경학 최인호 최재훈 ,5,4,0
2020-09-06,SK,두산,오원석,함덕주,최지훈 오태곤 정의윤 로맥 남태혁 김강민 고종욱 이흥련 최항 ,박건우 페르난데스 오재일 김재환 최주환 허경민 정수빈 김재호 박세혁 ,0,10,1
2020-09-06,KT,키움,하준호,요키시,배정대 로하스 강백호 유한준 박경수 장성우 강민국 박승욱 심우준 ,서건창 김하성 러셀 이정후 박동원 김웅빈 김혜성 허정협 전병우 ,8,7,0
2020-09-06,KIA,한화,브룩스,장시환,최원준 터커 최형우 나지완 유민상 김태진 한승택 홍종표 박찬호 ,노수광 강경학 노시환 이성열 하주석 반즈 정진호 송광민 이해창 ,8,4,0
2020-09-07,LG,롯데,이민호,박세웅,홍창기 오지환 이형종 라모스 박용택 이천웅 양석환 유강남 정주현 ,손아섭 정훈 전준우 이대호 한동희 마차도 이병규 김준태 안치홍 ,6,12,1
2020-09-08,KT,두산,배제성,알칸타라,황재균 로하스 강백호 유한준 배정대 박경수 김민혁 장성우 심우준 ,박건우 페르난데스 오재일 김재환 최주환 허경민 정수빈 김재호 박세혁 ,0,8,1
2020-09-08,키움,SK,김재웅,핀토,서건창 김하성 러셀 이정후 허정협 김웅빈 김혜성 박동원 박준태 ,오태곤 김강민 채태인 로맥 한유섬 고종욱 최항 이재원 김성현 ,16,15,0
2020-09-08,한화,삼성,채드벨,최채흥,노수광 정진호 노시환 반즈 하주석 최진행 이성열 이해창 오선진 ,김상수 구자욱 김동엽 팔카 이원석 김헌곤 강민호 박계범 박해민 ,4,2,0
2020-09-08,LG,KIA,정찬헌,양승철,홍창기 오지환 라모스 김현수 이형종 이천웅 양석환 유강남 정주현 ,최원준 터커 최형우 나지완 유민상 김민식 홍종표 김태진 박찬호 ,2,3,1
2020-09-08,롯데,NC,송승준,송명기,김재유 한동희 전준우 이대호 이병규 마차도 김준태 허일 안치홍 ,박민우 이명기 나성범 양의지 박석민 강진성 노진혁 알테어 권희동 ,2,14,1
2020-09-09,KT,두산,데스파이네,플렉센,조용호 황재균 로하스 강백호 유한준 배정대 박경수 장성우 심우준 ,박건우 페르난데스 오재일 김재환 허경민 정수빈 김재호 박세혁 이유찬 ,4,2,0
2020-09-09,키움,SK,조영건,백승건,서건창 김하성 러셀 이정후 허정협 김웅빈 박동원 전병우 박준태 ,오태곤 고종욱 최정 로맥 채태인 최항 김강민 이재원 김성현 ,13,4,0
2020-09-09,한화,삼성,김진욱,원태인,이용규 강경학 노시환 반즈 하주석 최진행 최인호 이해창 임종찬 ,박해민 김상수 구자욱 팔카 김동엽 김헌곤 박계범 김지찬 김응민 ,7,0,0
2020-09-09,롯데,NC,노경은,라이트,김재유 한동희 전준우 이대호 이병규 마차도 안치홍 민병헌 김준태 ,박민우 이명기 나성범 양의지 박석민 이원재 노진혁 알테어 권희동 ,7,5,0
2020-09-10,키움,LG,한현희,켈리,서건창 김하성 러셀 이정후 허정협 박동원 김혜성 전병우 박준태 ,홍창기 오지환 라모스 김현수 이형종 이천웅 양석환 유강남 정주현 ,1,6,1
2020-09-10,SK,한화,박종훈,서폴드,최지훈 오태곤 최정 로맥 화이트 고종욱 최항 이재원 김성현 ,이용규 정진호 노수광 하주석 송광민 이성열 강경학 노태형 최재훈 ,5,1,0
2020-09-10,두산,KIA,유희관,양현종,박건우 페르난데스 오재일 김재환 최주환 허경민 김재호 정수빈 최용제 ,최원준 터커 최형우 나지완 황대인 한승택 김태진 박찬호 김규성 ,5,4,0
2020-09-10,삼성,롯데,김대우,스트레일리,박해민 강한울 구자욱 팔카 김동엽 김헌곤 강민호 김지찬 박계범 ,손아섭 한동희 전준우 이대호 이병규 마차도 안치홍 정보근 김재유 ,8,13,1
2020-09-10,KT,NC,김민수,김영규,배정대 황재균 로하스 강백호 유한준 박경수 장성우 문상철 심우준 ,박민우 이명기 나성범 양의지 박석민 노진혁 강진성 알테어 권희동 ,8,13,1
2020-09-11,키움,LG,브리검,윌슨,김혜성 전병우 김하성 이정후 러셀 허정협 이지영 변상권 박준태 ,홍창기 오지환 라모스 김현수 이형종 이천웅 양석환 유강남 정주현 ,8,2,0
2020-09-11,SK,한화,문승원,장시환,최지훈 오태곤 최정 로맥 화이트 최항 고종욱 이재원 김성현 ,이용규 노수광 노시환 반즈 하주석 최진행 강경학 이해창 임종찬 ,4,3,0
2020-09-11,삼성,롯데,이상민,서준원,박해민 김상수 구자욱 팔카 이원석 김동엽 강한울 강민호 김지찬 ,민병헌 한동희 전준우 이대호 이병규 마차도 안치홍 정보근 김재유 ,4,12,1
2020-09-11,KT,NC,쿠에바스,루친스키,조용호 황재균 로하스 강백호 배정대 김민혁 박승욱 이홍구 심우준 ,박민우 이명기 나성범 양의지 박석민 강진성 노진혁 알테어 도태훈 ,1,9,1
2020-09-12,삼성,LG,라이블리,임찬규,박해민 김상수 구자욱 팔카 김동엽 이원석 강한울 강민호 박계범 ,홍창기 이천웅 라모스 김현수 이형종 오지환 유강남 양석환 정주현 ,5,1,0
2020-09-12,두산,키움,최원준,요키시,박건우 페르난데스 오재일 김재환 최주환 허경민 김재호 정수빈 박세혁 ,서건창 김혜성 김하성 이정후 김웅빈 허정협 전병우 박동원 박준태 ,0,2,1
2020-09-12,롯데,SK,샘슨,이건욱,김재유 이병규 전준우 이대호 한동희 마차도 안치홍 민병헌 김준태 ,최지훈 최항 최정 로맥 화이트 오태곤 고종욱 이재원 김성현 ,1,2,1
2020-09-12,한화,KT,김이환,소형준,노수광 강경학 노시환 반즈 하주석 이성열 최인호 이해창 임종찬 ,조용호 황재균 로하스 강백호 유한준 배정대 박경수 장성우 심우준 ,2,5,1
2020-09-12,KIA,NC,가뇽,신민혁,최원준 터커 최형우 나지완 김민식 유민상 김태진 박찬호 홍종표 ,박민우 이명기 나성범 양의지 박석민 알테어 강진성 노진혁 김태군 ,11,3,0
2020-09-13,삼성,LG,최채흥,김윤식,박해민 김상수 구자욱 팔카 이원석 김동엽 강민호 강한울 김헌곤 ,홍창기 오지환 라모스 김현수 이형종 이천웅 유강남 양석환 정주현 ,11,0,0
2020-09-13,롯데,SK,박세웅,핀토,김재유 한동희 전준우 이대호 이병규 마차도 안치홍 허일 김준태 ,최지훈 오태곤 최정 로맥 화이트 최항 고종욱 이흥련 김성현 ,1,3,1
2020-09-13,한화,KT,채드벨,배제성,이용규 노수광 노시환 반즈 하주석 이해창 강경학 오선진 최인호 ,조용호 황재균 로하스 강백호 유한준 박경수 장성우 배정대 심우준 ,4,5,1
2020-09-13,KIA,NC,브룩스,송명기,최원준 터커 최형우 나지완 유민상 김태진 한승택 홍종표 박찬호 ,박민우 이명기 나성범 양의지 이원재 박석민 노진혁 알테어 권희동 ,4,3,0
2020-09-15,NC,두산,라이트,알칸타라,이명기 김준완 박민우 양의지 박석민 권희동 알테어 강진성 노진혁 ,박건우 최주환 페르난데스 오재일 김재환 허경민 정수빈 김재호 박세혁 ,3,7,1
2020-09-15,롯데,키움,노경은,김재웅,정훈 손아섭 전준우 이대호 한동희 마차도 이병규 김준태 안치홍 ,서건창 김하성 이정후 김웅빈 러셀 김혜성 허정협 박동원 박준태 ,8,5,0
2020-09-15,삼성,KT,뷰캐넌,데스파이네,박해민 김상수 구자욱 팔카 김동엽 이원석 강한울 강민호 김헌곤 ,조용호 황재균 로하스 강백호 유한준 배정대 박경수 장성우 심우준 ,7,0,0
2020-09-15,LG,한화,이민호,김민우,홍창기 오지환 라모스 김현수 이형종 이천웅 유강남 양석환 정주현 ,이용규 노수광 노시환 반즈 하주석 이해창 강경학 최인호 임종찬 ,5,6,1
2020-09-15,SK,KIA,조영우,이민우,최지훈 오태곤 최정 로맥 최항 화이트 고종욱 이재원 김성현 ,최원준 김선빈 터커 최형우 나지완 김민식 유민상 김태진 박찬호 ,16,1,0
2020-09-16,NC,두산,김영규,플렉센,김준완 알테어 박민우 양의지 박석민 강진성 노진혁 김성욱 김형준 ,박건우 최주환 오재일 김재환 페르난데스 허경민 정수빈 김재호 박세혁 ,5,3,0
2020-09-16,롯데,키움,스트레일리,한현희,정훈 손아섭 전준우 이대호 한동희 마차도 이병규 정보근 안치홍 ,서건창 김하성 이정후 러셀 김웅빈 전병우 김혜성 박동원 박준태 ,8,2,0
2020-09-16,삼성,KT,원태인,김민수,박해민 김상수 구자욱 팔카 김동엽 이원석 강한울 강민호 김헌곤 ,배정대 황재균 로하스 강백호 박경수 조용호 장성우 문상철 심우준 ,6,11,1
2020-09-16,LG,한화,켈리,김진욱,홍창기 오지환 라모스 김현수 박용택 이천웅 양석환 유강남 정주현 ,이용규 노수광 노시환 반즈 하주석 최진행 최인호 최재훈 강경학 ,11,5,0
2020-09-16,SK,KIA,박종훈,양현종,최지훈 오태곤 최정 로맥 화이트 김강민 이재원 정현 김성현 ,최원준 터커 최형우 나지완 유민상 김민식 김태진 박찬호 홍종표 ,7,6,0
2020-09-17,롯데,LG,서준원,윌슨,정훈 손아섭 전준우 이대호 한동희 마차도 이병규 정보근 안치홍 ,홍창기 오지환 라모스 김현수 박용택 이천웅 양석환 유강남 정주현 ,1,9,1
2020-09-17,한화,키움,장시환,브리검,이용규 노수광 하주석 반즈 이성열 노시환 강경학 최재훈 임종찬 ,서건창 김혜성 김하성 이정후 김웅빈 이지영 허정협 전병우 변상권 ,2,5,1
2020-09-17,NC,SK,루친스키,문승원,이명기 김준완 박민우 양의지 강진성 노진혁 김성욱 알테어 도태훈 ,최지훈 오태곤 최정 로맥 화이트 고종욱 최준우 이재원 김성현 ,3,0,0
2020-09-17,두산,KT,유희관,쿠에바스,정수빈 페르난데스 오재일 김재환 최주환 허경민 박세혁 국해성 이유찬 ,배정대 황재균 로하스 강백호 유한준 조용호 박경수 장성우 심우준 ,0,3,1
2020-09-17,KIA,삼성,임기영,김대우,최원준 김선빈 터커 최형우 나지완 김태진 유민상 한승택 박찬호 ,박해민 김상수 구자욱 팔카 김동엽 이원석 이성곤 강민호 김지찬 ,12,2,0
2020-09-18,롯데,LG,샘슨,정찬헌,정훈 손아섭 전준우 이대호 한동희 마차도 이병규 오윤석 김준태 ,홍창기 오지환 라모스 김현수 박용택 이천웅 양석환 이성우 정주현 ,5,3,0
2020-09-18,한화,키움,김이환,요키시,노수광 노시환 최재훈 반즈 송광민 최진행 노태형 이해창 오선진 ,서건창 김혜성 김하성 이정후 러셀 김웅빈 허정협 박동원 전병우 ,2,0,0
2020-09-18,NC,SK,이재학,이건욱,이명기 권희동 박민우 양의지 이원재 노진혁 김성욱 알테어 도태훈 ,최지훈 오준혁 채태인 로맥 고종욱 오태곤 최준우 이재원 김성현 ,9,5,0
2020-09-18,두산,KT,최원준,소형준,박건우 최주환 오재일 김재환 페르난데스 허경민 정수빈 김재호 박세혁 ,배정대 황재균 로하스 강백호 장성우 조용호 박경수 문상철 심우준 ,4,5,1
2020-09-18,KIA,삼성,가뇽,라이블리,최원준 김선빈 터커 최형우 나지완 유민상 김민식 김태진 박찬호 ,박해민 김상수 구자욱 팔카 김동엽 이원석 강한울 강민호 박계범 ,13,5,0
2020-09-19,LG,두산,임찬규,함덕주,홍창기 오지환 라모스 김현수 채은성 이천웅 양석환 유강남 정주현 ,박건우 정수빈 페르난데스 김재환 오재일 최주환 김재호 오재원 박세혁 ,9,6,0
2020-09-19,KT,SK,배제성,핀토,배정대 황재균 로하스 강백호 유한준 박경수 이홍구 홍현빈 심우준 ,최지훈 오태곤 최정 로맥 채태인 고종욱 김성현 이흥련 박성한 ,5,0,0
2020-09-19,키움,삼성,이승호,최채흥,박준태 김혜성 서건창 이정후 러셀 이지영 김웅빈 허정협 전병우 ,박해민 김상수 구자욱 팔카 김동엽 이원석 박계범 강한울 김응민 ,8,7,0
2020-09-19,한화,KIA,장민재,브룩스,노수광 강경학 하주석 반즈 이해창 노시환 임종찬 최재훈 최인호 ,최원준 김선빈 터커 최형우 나지완 유민상 김태진 한승택 박찬호 ,0,8,1
2020-09-19,NC,롯데,송명기,박세웅,이명기 김성욱 박민우 양의지 박석민 강진성 노진혁 알테어 김태군 ,정훈 손아섭 전준우 이대호 한동희 마차도 이병규 김준태 안치홍 ,1,5,1
2020-09-20,LG,두산,이우찬,알칸타라,홍창기 오지환 라모스 김현수 채은성 박용택 김민성 유강남 정주현 ,허경민 페르난데스 박건우 김재환 오재일 김재호 최주환 정수빈 박세혁 ,5,6,1
2020-09-20,KT,SK,데스파이네,조영우,배정대 황재균 로하스 강백호 유한준 박경수 장성우 조용호 심우준 ,오태곤 고종욱 최정 로맥 오준혁 김강민 김창평 이재원 박성한 ,10,2,0
2020-09-20,키움,삼성,조영건,뷰캐넌,박준태 김혜성 서건창 이정후 러셀 이지영 김웅빈 허정협 전병우 ,박해민 김상수 구자욱 이원석 김동엽 강한울 강민호 이성규 김헌곤 ,6,14,1
2020-09-20,한화,KIA,김민우,김기훈,정진호 노태형 노시환 반즈 하주석 최재훈 최진행 이성열 송광민 ,최원준 김선빈 터커 최형우 나지완 김민식 김태진 유민상 박찬호 ,11,3,0
2020-09-20,NC,롯데,라이트,이승헌,이명기 김성욱 박민우 양의지 강진성 박석민 노진혁 알테어 권희동 ,정훈 손아섭 전준우 이대호 한동희 마차도 이병규 정보근 안치홍 ,7,2,0
2020-09-20,NC,롯데,박진우,노경은,이명기 김성욱 박민우 양의지 강진성 박석민 노진혁 알테어 김형준 ,김재유 손아섭 전준우 이대호 한동희 마차도 이병규 오윤석 김준태 ,6,2,0
2020-09-22,SK,LG,박종훈,켈리,최지훈 오준혁 최정 로맥 고종욱 김강민 이재원 박성한 김성현 ,홍창기 오지환 라모스 김현수 채은성 이천웅 김민성 유강남 정주현 ,2,7,1
2020-09-22,두산,한화,플렉센,장시환,박건우 정수빈 페르난데스 김재환 최주환 오재일 김재호 허경민 박세혁 ,노수광 강경학 하주석 반즈 노시환 최재훈 송광민 최진행 임종찬 ,1,5,1
2020-09-22,키움,KIA,한현희,양현종,박준태 김혜성 서건창 이정후 허정협 이지영 전병우 김웅빈 주효상 ,최원준 김선빈 터커 최형우 나지완 김민식 유민상 김태진 박찬호 ,2,0,0
2020-09-22,KT,롯데,김민수,스트레일리,배정대 황재균 로하스 강백호 유한준 조용호 장성우 강민국 심우준 ,정훈 손아섭 전준우 이대호 한동희 이병규 마차도 정보근 안치홍 ,0,8,1
2020-09-22,삼성,NC,원태인,김영규,박해민 김상수 구자욱 이원석 김동엽 팔카 김헌곤 강한울 김도환 ,이명기 김준완 박민우 양의지 박석민 강진성 노진혁 알테어 김형준 ,2,3,1
2020-09-23,SK,LG,문승원,윌슨,최지훈 박성한 최정 로맥 채태인 김강민 이재원 채현우 김성현 ,홍창기 오지환 라모스 김현수 채은성 이천웅 김민성 유강남 정주현 ,2,6,1
2020-09-23,두산,한화,김민규,김진욱,박건우 정수빈 페르난데스 김재환 최주환 김재호 허경민 박세혁 오재원 ,노수광 최인호 하주석 반즈 노시환 최재훈 송광민 최진행 노태형 ,5,6,1
2020-09-23,키움,KIA,브리검,임기영,박준태 김혜성 서건창 이정후 김하성 이지영 러셀 김웅빈 전병우 ,최원준 김선빈 터커 최형우 나지완 김민식 김태진 유민상 박찬호 ,13,1,0
2020-09-23,KT,롯데,쿠에바스,샘슨,배정대 황재균 로하스 강백호 유한준 조용호 박경수 장성우 심우준 ,정훈 손아섭 전준우 이대호 한동희 이병규 마차도 김준태 안치홍 ,10,5,0
2020-09-23,삼성,NC,이승민,루친스키,박해민 김상수 구자욱 팔카 김동엽 이원석 강한울 김도환 김헌곤 ,이명기 김성욱 박민우 양의지 박석민 권희동 알테어 노진혁 이상호 ,7,8,1
2020-09-24,삼성,두산,라이블리,최원준,박해민 김상수 구자욱 김동엽 팔카 이원석 강한울 강민호 김성윤 ,박건우 정수빈 최주환 김재환 페르난데스 오재일 김재호 허경민 박세혁 ,0,1,1
2020-09-24,SK,키움,이건욱,요키시,최지훈 채현우 최정 로맥 정의윤 오태곤 김강민 이재원 김성현 ,박준태 김혜성 서건창 이정후 김하성 러셀 김웅빈 주효상 전병우 ,1,6,1
2020-09-24,KIA,KT,가뇽,소형준,최원준 김선빈 터커 최형우 나지완 유민상 김태진 한승택 박찬호 ,배정대 황재균 로하스 강백호 유한준 조용호 박경수 장성우 심우준 ,5,3,0
2020-09-24,롯데,한화,박세웅,서폴드,정훈 손아섭 전준우 이대호 이병규 마차도 한동희 오윤석 김준태 ,노수광 임종찬 하주석 반즈 노시환 최재훈 송광민 강경학 최진행 ,4,7,1
2020-09-24,LG,NC,이민호,최성영,홍창기 이형종 라모스 김현수 채은성 오지환 김민성 유강남 정주현 ,이명기 권희동 박민우 양의지 박석민 노진혁 알테어 이원재 김태군 ,8,12,1
2020-09-25,삼성,두산,최채흥,유희관,박해민 김상수 구자욱 팔카 김동엽 강한울 박계범 강민호 김헌곤 ,박건우 페르난데스 최주환 김재환 오재일 허경민 김재호 정수빈 박세혁 ,4,3,0
2020-09-25,SK,키움,핀토,최원태,최지훈 오태곤 최정 로맥 고종욱 김강민 김창평 이흥련 김성현 ,박준태 김혜성 서건창 이정후 김하성 러셀 김웅빈 주효상 전병우 ,8,6,0
2020-09-25,KIA,KT,장현식,데스파이네,최원준 김선빈 터커 최형우 나지완 김민식 김태진 유민상 박찬호 ,배정대 황재균 로하스 강백호 장성우 조용호 박경수 문상철 심우준 ,3,7,1
2020-09-25,롯데,한화,노경은,김이환,정훈 손아섭 전준우 이대호 이병규 마차도 한동희 오윤석 김준태 ,노수광 임종찬 하주석 반즈 노시환 송광민 이해창 최인호 노태형 ,5,6,1
2020-09-25,LG,NC,임찬규,송명기,홍창기 오지환 라모스 김현수 채은성 이천웅 김민성 이성우 정주현 ,이명기 권희동 박민우 양의지 박석민 노진혁 알테어 이원재 김형준 ,1,7,1
2020-09-26,키움,두산,이승호,알칸타라,김혜성 김하성 서건창 이정후 러셀 허정협 이지영 전병우 박준태 ,박건우 페르난데스 최주환 김재환 오재일 허경민 박세혁 정수빈 이유찬 ,0,4,1
2020-09-26,LG,KT,김윤식,배제성,홍창기 이천웅 라모스 김현수 채은성 김민성 유강남 구본혁 정주현 ,배정대 황재균 로하스 강백호 유한준 박경수 장성우 문상철 심우준 ,3,1,0
2020-09-26,NC,한화,라이트,김민우,김성욱 권희동 박민우 양의지 나성범 박석민 노진혁 알테어 이원재 ,노수광 임종찬 송광민 반즈 노시환 최재훈 최인호 정기훈 오선진 ,13,1,0
2020-09-26,SK,삼성,조영우,뷰캐넌,최지훈 오태곤 최정 로맥 채태인 김강민 이재원 정현 김성현 ,박해민 김상수 구자욱 김동엽 팔카 이원석 강한울 강민호 김호재 ,2,8,1
2020-09-26,롯데,KIA,이승헌,이민우,정훈 손아섭 전준우 이대호 이병규 마차도 한동희 오윤석 김준태 ,최원준 김선빈 터커 최형우 나지완 김태진 황대인 한승택 박찬호 ,16,3,0
2020-09-27,키움,두산,윤정현,함덕주,김혜성 김하성 이정후 허정협 이지영 변상권 전병우 김은성 김규민 ,박건우 페르난데스 최주환 김재환 오재일 허경민 정수빈 장승현 이유찬 ,1,6,1
2020-09-27,LG,KT,켈리,김민수,홍창기 오지환 라모스 김현수 이형종 이천웅 김민성 유강남 정주현 ,배정대 조용호 황재균 강백호 문상철 박경수 김민혁 허도환 심우준 ,4,5,1
2020-09-27,NC,한화,이재학,장시환,김성욱 권희동 박민우 양의지 나성범 박석민 이원재 알테어 지석훈 ,정진호 임종찬 노시환 반즈 송광민 최재훈 노태형 최인호 박정현 ,5,4,0
2020-09-27,SK,삼성,박종훈,원태인,최지훈 오태곤 고종욱 로맥 채태인 김강민 이재원 김창평 김성현 ,박해민 김상수 구자욱 김동엽 팔카 이원석 강한울 김도환 김호재 ,12,1,0
2020-09-27,롯데,KIA,스트레일리,양현종,손아섭 한동희 전준우 이대호 이병규 마차도 오윤석 민병헌 정보근 ,최원준 김선빈 터커 최형우 나지완 김태진 김민식 유민상 박찬호 ,1,2,1
2020-09-27,키움,두산,한현희,플렉센,박준태 김혜성 서건창 이정후 김하성 러셀 김웅빈 주효상 전병우 ,정수빈 페르난데스 최주환 김재환 오재일 박세혁 허경민 조수행 이유찬 ,7,3,0
2020-09-29,롯데,LG,샘슨,윌슨,오윤석 손아섭 전준우 이대호 이병규 마차도 김준태 한동희 김재유 ,홍창기 오지환 라모스 김현수 이형종 이천웅 김민성 유강남 정주현 ,8,5,0
2020-09-29,KIA,키움,임기영,브리검,최원준 터커 최형우 나지완 김태진 김선빈 김민식 유민상 박찬호 ,박준태 김혜성 서건창 이정후 김하성 이지영 러셀 김웅빈 전병우 ,10,6,0
2020-09-29,두산,한화,최원준,김진욱,박건우 페르난데스 최주환 김재환 오재일 허경민 박세혁 정수빈 이유찬 ,노수광 정진호 노시환 송광민 이해창 반즈 이성열 강경학 정기훈 ,7,3,0
2020-09-29,KT,삼성,쿠에바스,이승민,배정대 황재균 로하스 강백호 유한준 문상철 박경수 장성우 심우준 ,박해민 김상수 구자욱 팔카 김동엽 이원석 강한울 강민호 김지찬 ,4,1,0
2020-09-29,SK,NC,문승원,루친스키,최지훈 오태곤 고종욱 로맥 김강민 이재원 채현우 김창평 김성현 ,이명기 권희동 박민우 양의지 나성범 박석민 노진혁 알테어 이원재 ,0,3,1
2020-09-30,롯데,LG,박세웅,정찬헌,오윤석 손아섭 전준우 이대호 이병규 정훈 한동희 마차도 김준태 ,홍창기 오지환 이형종 김현수 라모스 박용택 김민성 유강남 정주현 ,3,5,1
2020-09-30,KIA,키움,가뇽,요키시,최원준 김선빈 터커 최형우 나지완 김태진 황대인 한승택 박찬호 ,박준태 김혜성 서건창 이정후 김하성 러셀 박동원 변상권 전병우 ,3,2,0
2020-09-30,두산,한화,장원준,서폴드,정수빈 페르난데스 최주환 김재환 허경민 박세혁 오재일 김인태 김재호 ,정진호 송광민 노시환 반즈 최재훈 최진행 노태형 박정현 노수광 ,0,10,1
2020-09-30,KT,삼성,이대은,라이블리,배정대 황재균 로하스 강백호 문상철 유한준 박경수 장성우 심우준 ,박해민 김상수 구자욱 김동엽 팔카 이원석 강한울 강민호 김지찬 ,5,3,0
2020-09-30,SK,NC,이건욱,김영규,채현우 오태곤 김강민 채태인 류효승 이재원 김성현 박성한 최지훈 ,이명기 권희동 박민우 나성범 박석민 노진혁 강진성 알테어 김형준 ,3,12,1
2020-10-01,롯데,LG,노경은,임찬규,오윤석 손아섭 전준우 이대호 정훈 한동희 김준태 마차도 김재유 ,이천웅 오지환 이형종 김현수 라모스 채은성 양석환 이성우 정근우 ,3,2,0
2020-10-01,KIA,키움,김현수,최원태,최원준 김선빈 터커 최형우 김태진 김민식 이우성 유민상 박찬호 ,박준태 김혜성 서건창 이정후 김웅빈 러셀 변상권 박동원 전병우 ,3,1,0
2020-10-01,두산,한화,유희관,김이환,박건우 페르난데스 최주환 김재환 허경민 오재일 박세혁 정수빈 김재호 ,정진호 노태형 노시환 반즈 최재훈 송광민 최진행 최인호 박정현 ,4,12,1
2020-10-01,KT,삼성,데스파이네,허윤동,배정대 황재균 로하스 강백호 문상철 박경수 장성우 조용호 심우준 ,박해민 김상수 팔카 김동엽 이원석 송준석 강민호 이성규 박계범 ,6,7,1
2020-10-01,SK,NC,핀토,송명기,최지훈 김경호 오태곤 채태인 김강민 정의윤 이재원 박성한 김성현 ,이명기 권희동 박민우 양의지 나성범 박석민 노진혁 알테어 강진성 ,2,10,1
2020-10-02,KIA,두산,양현종,알칸타라,최원준 김선빈 터커 최형우 나지완 김태진 유민상 한승택 박찬호 ,허경민 정수빈 최주환 김재환 페르난데스 박건우 박세혁 김재호 조수행 ,3,14,1
2020-10-02,키움,SK,이승호,조영우,박준태 김혜성 서건창 이정후 이지영 러셀 허정협 김웅빈 전병우 ,최지훈 오태곤 최정 로맥 김강민 이재원 남태혁 박성한 김성현 ,12,5,0
2020-10-02,LG,KT,이민호,배제성,홍창기 오지환 이형종 김현수 채은성 이천웅 김민성 유강남 정주현 ,배정대 황재균 로하스 강백호 문상철 조용호 박경수 허도환 심우준 ,2,5,1
2020-10-02,한화,롯데,김민우,스트레일리,노수광 이성열 노시환 반즈 최재훈 송광민 노태형 최인호 박정현 ,오윤석 손아섭 정훈 이대호 이병규 허일 한동희 정보근 마차도 ,1,4,1
2020-10-02,삼성,NC,최채흥,라이트,박해민 김상수 구자욱 김동엽 팔카 이원석 이성규 김응민 김호재 ,이명기 권희동 박민우 양의지 나성범 박석민 알테어 강진성 노진혁 ,8,2,0
2020-10-03,KIA,두산,이민우,플렉센,최원준 김선빈 터커 최형우 나지완 김태진 김민식 유민상 김규성 ,허경민 페르난데스 최주환 김재환 오재일 박건우 박세혁 김재호 정수빈 ,2,7,1
2020-10-03,키움,SK,한현희,박종훈,박준태 김혜성 서건창 김하성 허정협 김웅빈 박주홍 주효상 전병우 ,최지훈 김경호 최정 로맥 오준혁 김강민 이재원 박성한 김성현 ,3,9,1
2020-10-03,LG,KT,켈리,김민수,홍창기 오지환 이형종 김현수 채은성 양석환 김민성 유강남 정주현 ,배정대 황재균 로하스 강백호 문상철 박경수 조용호 허도환 심우준 ,7,2,0
2020-10-03,한화,롯데,장시환,이승헌,노수광 정진호 노시환 반즈 최재훈 이해창 노태형 최인호 박정현 ,오윤석 손아섭 전준우 이대호 이병규 김준태 마차도 한동희 김재유 ,0,10,1
2020-10-03,삼성,NC,원태인,박정수,박승규 구자욱 김동엽 이원석 팔카 강한울 양우현 김도환 박계범 ,이명기 이원재 박민우 양의지 나성범 박석민 알테어 김태군 지석훈 ,2,12,1
2020-10-03,LG,KT,김윤식,소형준,홍창기 오지환 이형종 김현수 채은성 이천웅 양석환 이성우 정주현 ,배정대 황재균 로하스 강백호 문상철 박경수 유한준 장성우 강민국 ,2,12,1
2020-10-04,KIA,두산,임기영,함덕주,최원준 김선빈 터커 최형우 나지완 황대인 김태진 한승택 박찬호 ,허경민 페르난데스 최주환 김재환 오재일 박세혁 박건우 김재호 정수빈 ,1,7,1
2020-10-04,키움,SK,브리검,문승원,박준태 김혜성 서건창 김하성 허정협 이지영 러셀 김웅빈 전병우 ,최지훈 김경호 최정 로맥 오준혁 김강민 이재원 박성한 김성현 ,0,6,1
2020-10-04,LG,KT,윌슨,쿠에바스,홍창기 오지환 이형종 김현수 채은성 김민성 양석환 유강남 정주현 ,배정대 조용호 로하스 강백호 유한준 박경수 장성우 강민국 심우준 ,13,8,0
2020-10-04,한화,롯데,박주홍,샘슨,정진호 노태형 노시환 반즈 최재훈 이성열 송광민 최진행 박정현 ,오윤석 손아섭 전준우 이대호 이병규 한동희 마차도 김준태 민병헌 ,5,14,1
2020-10-04,삼성,NC,장필준,루친스키,박해민 구자욱 김동엽 팔카 이원석 강민호 김호재 양우현 이성규 ,이명기 김성욱 박민우 양의지 나성범 박석민 알테어 이원재 지석훈 ,1,4,1
2020-10-06,삼성,LG,라이블리,남호,박해민 김호재 구자욱 김동엽 팔카 이원석 강민호 양우현 이성규 ,홍창기 오지환 이형종 김현수 라모스 채은성 김민성 유강남 정주현 ,3,2,0
2020-10-06,NC,키움,김영규,요키시,김성욱 이상호 나성범 양의지 박석민 강진성 알테어 김형준 지석훈 ,박준태 김혜성 김하성 서건창 허정협 김웅빈 러셀 박동원 전병우 ,1,2,1
2020-10-06,두산,SK,최원준,이건욱,허경민 페르난데스 최주환 김재환 오재일 박세혁 박건우 정수빈 김재호 ,최지훈 김경호 최정 로맥 오준혁 김강민 이재원 박성한 김성현 ,9,4,0
2020-10-06,한화,KIA,서폴드,가뇽,이용규 정진호 노시환 반즈 최재훈 노태형 강경학 최인호 박정현 ,최원준 김선빈 터커 최형우 나지완 김태진 김민식 유민상 박찬호 ,3,2,0
2020-10-06,KT,롯데,데스파이네,박세웅,배정대 황재균 로하스 강백호 유한준 조용호 박경수 장성우 심우준 ,오윤석 손아섭 전준우 이대호 이병규 정훈 마차도 한동희 김준태 ,9,10,1
2020-10-07,삼성,LG,허윤동,임찬규,박해민 구자욱 김동엽 이원석 팔카 강민호 이성규 김지찬 김호재 ,홍창기 오지환 이형종 김현수 채은성 김민성 양석환 유강남 정주현 ,1,3,1
2020-10-07,NC,키움,송명기,최원태,이명기 김성욱 박민우 양의지 나성범 박석민 노진혁 알테어 이원재 ,박준태 김하성 서건창 이정후 허정협 김혜성 러셀 김웅빈 박동원 ,4,3,0
2020-10-07,두산,SK,장원준,핀토,정수빈 최주환 페르난데스 김재환 박건우 오재일 박세혁 김재호 이유찬 ,최지훈 오태곤 최정 로맥 김강민 남태혁 김성현 박성한 이현석 ,4,5,1
2020-10-07,한화,KIA,김이환,김현수,이용규 정진호 노시환 반즈 이해창 강경학 이성열 박정현 최인호 ,최원준 터커 최형우 김민식 황대인 김영환 이우성 박찬호 김규성 ,5,0,0
2020-10-07,KT,롯데,이대은,스트레일리,조용호 김민혁 로하스 강백호 박경수 박승욱 홍현빈 허도환 심우준 ,오윤석 손아섭 전준우 이대호 이병규 정훈 한동희 정보근 마차도 ,9,6,0
2020-10-07,한화,KIA,장민재,양현종,이용규 정진호 노시환 반즈 최재훈 송광민 김민하 오선진 박정현 ,최원준 김선빈 터커 최형우 나지완 김태진 유민상 한승택 박찬호 ,4,6,1
2020-10-08,삼성,LG,최채흥,정찬헌,박해민 강한울 구자욱 김동엽 이원석 이성규 김지찬 김도환 김호재 ,홍창기 오지환 이형종 김현수 채은성 김민성 양석환 이성우 정주현 ,0,1,1
2020-10-08,NC,키움,라이트,이승호,이명기 김성욱 박민우 양의지 나성범 박석민 알테어 강진성 노진혁 ,박준태 김하성 서건창 이정후 허정협 김혜성 러셀 이지영 김웅빈 ,7,10,1
2020-10-08,두산,SK,알칸타라,조영우,박건우 최주환 페르난데스 김재환 오재일 박세혁 허경민 정수빈 김재호 ,최지훈 오태곤 최정 로맥 김강민 고종욱 김성현 박성한 이현석 ,10,0,0
2020-10-08,한화,KIA,김민우,이민우,이용규 정진호 노시환 반즈 최재훈 강경학 송광민 박정현 노수광 ,최원준 김선빈 터커 최형우 나지완 김태진 유민상 백용환 박찬호 ,13,6,0
2020-10-08,KT,롯데,배제성,노경은,배정대 조용호 로하스 강백호 황재균 장성우 강민국 홍현빈 심우준 ,오윤석 손아섭 전준우 이대호 이병규 정훈 한동희 신본기 김준태 ,6,5,0
2020-10-09,NC,LG,최성영,켈리,이명기 김성욱 박민우 양의지 나성범 박석민 노진혁 알테어 이원재 ,홍창기 이형종 채은성 김현수 김민성 오지환 양석환 유강남 정주현 ,0,4,1
2020-10-09,두산,KT,플렉센,소형준,박건우 페르난데스 오재일 김재환 최주환 허경민 박세혁 정수빈 김재호 ,배정대 황재균 로하스 강백호 문상철 장성우 조용호 강민국 심우준 ,4,0,0
2020-10-09,키움,한화,윤정현,장시환,박준태 서건창 이정후 박병호 김하성 허정협 러셀 김혜성 박동원 ,이용규 정진호 노시환 반즈 최재훈 송광민 김민하 강경학 정기훈 ,6,7,1
2020-10-09,롯데,삼성,샘슨,원태인,오윤석 손아섭 전준우 이대호 이병규 정훈 마차도 한동희 김준태 ,박해민 구자욱 김동엽 팔카 이원석 강민호 이성규 양우현 김호재 ,3,7,1
2020-10-09,SK,KIA,박종훈,임기영,최지훈 김경호 최정 로맥 오준혁 고종욱 이재원 박성한 김창평 ,최원준 터커 최형우 나지완 김태진 김선빈 김민식 유민상 박찬호 ,3,5,1
2020-10-10,NC,LG,박정수,김윤식,이명기 알테어 박민우 양의지 나성범 박석민 강진성 노진혁 김태군 ,홍창기 오지환 이형종 김현수 채은성 김호은 양석환 이성우 정주현 ,5,9,1
2020-10-10,두산,KT,함덕주,쿠에바스,허경민 최주환 페르난데스 김재환 오재일 박건우 정수빈 김재호 장승현 ,배정대 황재균 로하스 강백호 장성우 조용호 김민혁 강민국 심우준 ,13,8,0
2020-10-10,키움,한화,브리검,박주홍,박준태 김하성 이정후 박병호 서건창 허정협 이지영 김혜성 전병우 ,이용규 정진호 노시환 반즈 최재훈 송광민 김민하 강경학 이도윤 ,3,0,0
2020-10-10,롯데,삼성,이승헌,뷰캐넌,오윤석 손아섭 전준우 이대호 이병규 정훈 한동희 김준태 마차도 ,박해민 박승규 김동엽 강민호 이성규 김호재 최영진 김지찬 김헌곤 ,1,0,0
2020-10-10,SK,KIA,정수민,김기훈,오태곤 김성현 최정 로맥 김강민 이재원 남태혁 박성한 최지훈 ,최원준 터커 최형우 김선빈 김태진 이우성 김민식 유민상 박찬호 ,2,1,0
2020-10-10,NC,LG,루친스키,이민호,이명기 권희동 박민우 양의지 나성범 박석민 노진혁 이원재 김성욱 ,홍창기 이형종 채은성 김현수 김민성 오지환 양석환 유강남 정주현 ,0,5,1
2020-10-11,NC,LG,김영규,남호,김성욱 강진성 박민우 양의지 나성범 박석민 노진혁 알테어 김형준 ,홍창기 이형종 채은성 김현수 김민성 양석환 유강남 정주현 구본혁 ,3,7,1
2020-10-11,키움,한화,조영건,서폴드,박준태 서건창 김하성 박병호 이정후 허정협 러셀 박동원 김혜성 ,이용규 정진호 최재훈 송광민 노시환 김민하 반즈 강경학 이도윤 ,3,9,1
2020-10-11,롯데,삼성,박세웅,라이블리,오윤석 손아섭 전준우 이대호 이병규 정훈 한동희 김준태 마차도 ,박해민 구자욱 김동엽 이원석 팔카 강민호 이성규 김지찬 김호재 ,4,8,1
2020-10-11,SK,KIA,이건욱,가뇽,최지훈 박성한 최정 로맥 오태곤 이재원 김강민 김성현 김경호 ,최원준 터커 최형우 나지완 김태진 황대인 홍종표 한승택 박찬호 ,9,5,0
2020-10-11,두산,KT,최원준,데스파이네,허경민 최주환 페르난데스 김재환 오재일 박건우 박세혁 정수빈 김재호 ,김민혁 황재균 로하스 강백호 조용호 배정대 이홍구 강민국 심우준 ,4,5,1
2020-10-13,한화,두산,김이환,알칸타라,이용규 노수광 최재훈 송광민 김민하 반즈 강경학 노시환 이도윤 ,허경민 최주환 페르난데스 김재환 오재일 박건우 박세혁 정수빈 김재호 ,0,5,1
2020-10-13,키움,KT,요키시,이대은,박준태 서건창 김하성 박병호 이정후 러셀 허정협 박동원 전병우 ,배정대 황재균 로하스 강백호 문상철 김민혁 강민국 강현우 심우준 ,3,7,1
2020-10-13,SK,삼성,핀토,허윤동,박성한 김성현 최정 로맥 오태곤 김강민 남태혁 이현석 최지훈 ,박해민 송준석 김동엽 팔카 이원석 강민호 이성규 김지찬 김호재 ,7,3,0
2020-10-13,LG,롯데,류원석,스트레일리,홍창기 오지환 이형종 김현수 채은성 김민성 양석환 유강남 정주현 ,오윤석 손아섭 전준우 이대호 이병규 정훈 한동희 정보근 마차도 ,2,17,1
2020-10-13,KIA,NC,양현종,라이트,최원준 김선빈 터커 최형우 나지완 김민식 김태진 유민상 박찬호 ,박민우 권희동 나성범 양의지 박석민 강진성 모창민 알테어 노진혁 ,11,9,0
2020-10-14,한화,두산,김민우,플렉센,이용규 정진호 김민하 송광민 최재훈 노시환 반즈 이도윤 오선진 ,허경민 최주환 페르난데스 김재환 오재일 박건우 박세혁 정수빈 김재호 ,1,2,1
2020-10-14,키움,KT,최원태,배제성,박준태 서건창 김하성 박병호 이정후 김혜성 러셀 박동원 전병우 ,배정대 황재균 로하스 강백호 문상철 조용호 강민국 허도환 심우준 ,5,3,0
2020-10-14,SK,삼성,조영우,최채흥,박성한 최지훈 최정 로맥 이재원 김강민 오태곤 오준혁 김성현 ,박해민 김상수 구자욱 김동엽 팔카 이원석 김호재 김도환 박계범 ,1,2,1
2020-10-14,LG,롯데,임찬규,샘슨,홍창기 오지환 이형종 김현수 채은성 김민성 양석환 유강남 정주현 ,오윤석 손아섭 전준우 이대호 이병규 정훈 한동희 김준태 마차도 ,0,3,1
2020-10-14,KIA,NC,김현수,송명기,최원준 김선빈 터커 최형우 나지완 김태진 김민식 유민상 김규성 ,이명기 권희동 박민우 나성범 박석민 모창민 노진혁 알테어 김형준 ,3,8,1
2020-10-15,한화,두산,장민재,유희관,이용규 노태형 최재훈 노시환 김민하 반즈 정진호 최인호 조한민 ,박건우 최주환 페르난데스 김재환 허경민 오재일 박세혁 정수빈 김재호 ,3,16,1
2020-10-15,키움,KT,김재웅,쿠에바스,박준태 서건창 김하성 박병호 이정후 김혜성 허정협 박동원 전병우 ,배정대 황재균 로하스 강백호 문상철 조용호 강민국 강현우 심우준 ,4,0,0
2020-10-15,SK,삼성,박종훈,원태인,최지훈 오태곤 최정 로맥 이재원 김강민 고종욱 박성한 김성현 ,박해민 김상수 구자욱 김동엽 강민호 팔카 이원석 강한울 김지찬 ,10,3,0
2020-10-15,LG,롯데,정찬헌,노경은,홍창기 오지환 이형종 김현수 채은성 김민성 양석환 유강남 정주현 ,오윤석 손아섭 전준우 이대호 정훈 마차도 한동희 김준태 김재유 ,6,2,0
2020-10-15,KIA,NC,임기영,박정수,최원준 김선빈 터커 최형우 이우성 김태진 김민식 유민상 박찬호 ,이명기 최정원 박민우 양의지 나성범 박석민 노진혁 알테어 이원재 ,12,11,0
2020-10-16,KIA,LG,가뇽,켈리,최원준 김선빈 터커 최형우 나지완 김태진 유민상 한승택 박찬호 ,홍창기 오지환 이형종 김현수 채은성 김민성 양석환 유강남 정주현 ,0,9,1
2020-10-16,두산,키움,김민규,브리검,허경민 최주환 페르난데스 김재환 오재일 박세혁 정수빈 김재호 김인태 ,박준태 서건창 김하성 박병호 이정후 김혜성 허정협 전병우 주효상 ,4,7,1
2020-10-16,KT,SK,데스파이네,정수민,조용호 황재균 로하스 강백호 문상철 배정대 강민국 이홍구 심우준 ,최지훈 오태곤 최정 로맥 고종욱 이재원 김강민 박성한 김성현 ,1,7,1
2020-10-16,삼성,한화,뷰캐넌,박주홍,박해민 김상수 구자욱 김동엽 이원석 팔카 강민호 강한울 김호재 ,이용규 강경학 김민하 노시환 최재훈 반즈 임종찬 오선진 최인호 ,6,2,0
2020-10-16,롯데,NC,이승헌,루친스키,정훈 손아섭 전준우 이대호 이병규 마차도 오윤석 한동희 김준태 ,이명기 권희동 박민우 양의지 나성범 노진혁 모창민 알테어 지석훈 ,5,6,1
2020-10-17,KIA,LG,김기훈,남호,최원준 김선빈 터커 최형우 나지완 황대인 김태진 한승택 박찬호 ,홍창기 오지환 이형종 김현수 채은성 김민성 양석환 유강남 정주현 ,8,11,1
2020-10-17,두산,키움,최원준,이승호,허경민 최주환 페르난데스 김재환 오재일 박건우 정수빈 김재호 장승현 ,박준태 서건창 김하성 이정후 김웅빈 김혜성 허정협 박동원 전병우 ,3,5,1
2020-10-17,KT,SK,소형준,이건욱,조용호 황재균 로하스 강백호 유한준 배정대 장성우 박승욱 심우준 ,최지훈 오태곤 최정 로맥 고종욱 이재원 김성현 박성한 김경호 ,6,4,0
2020-10-17,삼성,한화,장필준,장웅정,박해민 김상수 구자욱 김동엽 팔카 이성규 김호재 김도환 박계범 ,정진호 임종찬 노시환 반즈 김민하 최인호 조한민 박상언 이도윤 ,4,2,0
2020-10-17,롯데,NC,박세웅,김영규,정훈 손아섭 전준우 이대호 안치홍 한동희 오윤석 마차도 김준태 ,이명기 강진성 박민우 양의지 나성범 노진혁 알테어 김태군 박준영 ,3,4,1
2020-10-18,KIA,LG,양현종,이민호,최원준 김선빈 터커 최형우 나지완 김태진 김민식 유민상 박찬호 ,홍창기 오지환 이형종 김현수 채은성 김민성 양석환 유강남 정주현 ,4,0,0
2020-10-18,두산,키움,알칸타라,요키시,허경민 최주환 페르난데스 김재환 오재일 박건우 김재호 정수빈 박세혁 ,박준태 서건창 김하성 이정후 김웅빈 김혜성 변상권 박동원 전병우 ,8,2,0
2020-10-18,KT,SK,이대은,핀토,조용호 황재균 로하스 강백호 장성우 문상철 배정대 강민국 천성호 ,김경호 오태곤 최정 로맥 고종욱 김강민 김창평 박성한 이현석 ,7,5,0
2020-10-18,삼성,한화,이승민,김이환,박해민 강한울 구자욱 김동엽 팔카 이원석 강민호 김호재 박계범 ,이용규 김민하 노시환 반즈 최재훈 송광민 조한민 임종찬 강경학 ,5,4,0
2020-10-18,롯데,NC,스트레일리,라이트,정훈 손아섭 전준우 이대호 이병규 안치홍 한동희 정보근 마차도 ,이명기 최정원 박민우 나성범 강진성 알테어 권희동 김태군 지석훈 ,9,2,0
2020-10-20,삼성,SK,최채흥,조영우,박해민 김상수 구자욱 김동엽 이원석 팔카 강민호 강한울 김호재 ,김경호 오태곤 최정 로맥 고종욱 이재원 김창평 박성한 최지훈 ,12,2,0
2020-10-20,LG,KT,임찬규,배제성,홍창기 오지환 이형종 김현수 채은성 박용택 김민성 유강남 정주현 ,조용호 황재균 강백호 유한준 장성우 배정대 강민국 문상철 심우준 ,7,6,0
2020-10-20,NC,KIA,송명기,장현식,박민우 이명기 나성범 양의지 권희동 노진혁 강진성 알테어 지석훈 ,최원준 김선빈 터커 최형우 나지완 김태진 김민식 유민상 박찬호 ,13,3,0
2020-10-20,두산,롯데,플렉센,샘슨,정수빈 최주환 페르난데스 김재환 오재일 허경민 박세혁 김재호 조수행 ,정훈 손아섭 전준우 이대호 이병규 오윤석 마차도 한동희 김준태 ,6,1,0
2020-10-21,롯데,SK,노경은,박종훈,정훈 손아섭 전준우 이대호 이병규 한동희 오윤석 신본기 김준태 ,오태곤 고종욱 최정 로맥 이재원 김성현 김경호 최지훈 박성한 ,3,11,1
2020-10-21,삼성,KT,원태인,데스파이네,박해민 강한울 구자욱 김동엽 팔카 강민호 이성규 김지찬 김호재 ,조용호 황재균 강백호 유한준 장성우 배정대 강민국 문상철 심우준 ,1,2,1
2020-10-22,KT,두산,쿠에바스,유희관,조용호 황재균 강백호 유한준 장성우 김민혁 배정대 박승욱 심우준 ,정수빈 최주환 페르난데스 김재환 오재일 박세혁 허경민 김재호 조수행 ,17,5,0
2020-10-22,롯데,SK,이승헌,정수민,정훈 손아섭 전준우 이대호 이병규 안치홍 한동희 마차도 김준태 ,오태곤 고종욱 최정 로맥 채태인 이재원 김성현 박성한 최지훈 ,8,9,1
2020-10-22,KIA,한화,가뇽,장민재,최원준 김선빈 터커 최형우 나지완 김민식 황대인 김태진 박찬호 ,이용규 노수광 노시환 반즈 최재훈 강경학 임종찬 최인호 조한민 ,10,4,0
2020-10-23,NC,한화,루친스키,서폴드,박민우 이명기 나성범 양의지 강진성 노진혁 권희동 알테어 지석훈 ,이용규 김민하 노시환 반즈 최재훈 강경학 송광민 이성열 오선진 ,6,11,1
2020-10-23,LG,KIA,켈리,김기훈,홍창기 오지환 이형종 김현수 채은성 김민성 양석환 유강남 정주현 ,최원준 김선빈 터커 최형우 나지완 김태진 유민상 한승택 박찬호 ,8,4,0
2020-10-23,키움,두산,브리검,최원준,박준태 서건창 이정후 박병호 김하성 김혜성 이지영 허정협 전병우 ,정수빈 최주환 페르난데스 김재환 오재일 허경민 박세혁 김재호 조수행 ,6,2,0
2020-10-23,롯데,SK,스트레일리,이건욱,정훈 손아섭 전준우 이대호 이병규 안치홍 한동희 정보근 마차도 ,최지훈 고종욱 오태곤 로맥 이재원 김강민 김성현 김경호 박성한 ,3,0,0
2020-10-24,롯데,두산,박세웅,알칸타라,정훈 손아섭 전준우 이대호 이병규 안치홍 김준태 한동희 마차도 ,정수빈 최주환 페르난데스 김재환 오재일 박세혁 허경민 김재호 조수행 ,1,2,1
2020-10-24,삼성,KIA,라이블리,양현종,박해민 최영진 팔카 이원석 강민호 김헌곤 김호재 박계범 박승규 ,최원준 터커 최형우 나지완 김민식 김태진 유민상 박찬호 김규성 ,11,7,0
2020-10-25,롯데,KT,샘슨,배제성,정훈 손아섭 전준우 이대호 이병규 오윤석 김준태 한동희 마차도 ,조용호 황재균 강백호 유한준 장성우 김민혁 배정대 강민국 심우준 ,5,10,1
2020-10-25,삼성,KIA,이승민,임기영,김헌곤 구자욱 김동엽 강민호 팔카 이성곤 김호재 박계범 강한울 ,최원준 김선빈 터커 최형우 나지완 황대인 김태진 한승택 박찬호 ,1,10,1
2020-10-27,한화,두산,장웅정,플렉센,이용규 김민하 노시환 반즈 송광민 임종찬 박상언 이도윤 조한민 ,정수빈 페르난데스 오재일 김재환 허경민 박세혁 김재호 오재원 조수행 ,0,3,1
2020-10-27,KT,KIA,데스파이네,장현식,조용호 황재균 로하스 강백호 유한준 장성우 배정대 강민국 심우준 ,최원준 김선빈 터커 최형우 나지완 김태진 김민식 유민상 박찬호 ,7,6,0
2020-10-27,SK,롯데,핀토,노경은,오태곤 고종욱 최정 로맥 이재원 김성현 최지훈 박성한 이현석 ,정훈 손아섭 전준우 이대호 이병규 마차도 한동희 오윤석 김준태 ,0,1,1
2020-10-27,삼성,NC,최채흥,김영규,박해민 최영진 구자욱 김동엽 팔카 김호재 박계범 김도환 강한울 ,박민우 권희동 나성범 양의지 강진성 노진혁 알테어 김태군 지석훈 ,12,2,0
2020-10-28,한화,LG,김이환,임찬규,노수광 강경학 노시환 반즈 이성열 이해창 김지수 장운호 조한민 ,홍창기 오지환 채은성 김현수 이형종 김민성 양석환 유강남 정주현 ,7,6,0
2020-10-28,KT,KIA,쿠에바스,김현수,조용호 황재균 로하스 강백호 유한준 장성우 배정대 강민국 심우준 ,최원준 김선빈 터커 최형우 나지완 김민식 김태진 유민상 박찬호 ,3,4,1
2020-10-28,NC,롯데,송명기,최영환,이명기 권희동 박민우 양의지 나성범 강진성 김성욱 지석훈 김찬형 ,정훈 손아섭 전준우 이대호 이병규 한동희 안치홍 마차도 김준태 ,7,1,0
2020-10-29,KT,한화,소형준,오동욱,조용호 황재균 로하스 강백호 유한준 장성우 배정대 박승욱 심우준 ,정진호 강경학 노시환 반즈 송광민 임종찬 허관회 김지수 조한민 ,12,1,0
2020-10-29,두산,KIA,유희관,양현종,허경민 페르난데스 오재일 김재환 박세혁 김재호 정수빈 오재원 조수행 ,최원준 김선빈 터커 최형우 나지완 황대인 한승택 김태진 박찬호 ,9,2,0
2020-10-29,NC,롯데,루친스키,이승헌,이명기 권희동 나성범 양의지 알테어 노진혁 강진성 지석훈 김찬형 ,정훈 손아섭 전준우 이대호 이병규 김준태 안치홍 한동희 마차도 ,11,4,0
2020-10-30,키움,두산,요키시,알칸타라,박준태 김웅빈 이정후 박병호 김하성 김혜성 박동원 러셀 허정협 ,허경민 페르난데스 오재일 김재환 박건우 정수빈 박세혁 김재호 오재원 ,0,2,1
2020-10-30,LG,SK,정찬헌,윤희상,홍창기 오지환 채은성 김현수 이형종 이천웅 김민성 유강남 정주현 ,오태곤 고종욱 최정 로맥 이재원 김강민 김성현 최지훈 박성한 ,2,3,1
2020-10-30,KT,한화,배제성,김범수,조용호 황재균 로하스 강백호 유한준 장성우 배정대 강민국 심우준 ,노수광 정진호 노시환 반즈 이성열 송광민 이해창 강경학 오선진 ,3,4,1
2020-10-30,KIA,롯데,가뇽,샘슨,최원준 김선빈 터커 최형우 나지완 김민식 김태진 유민상 박찬호 ,정훈 손아섭 전준우 이대호 이병규 안치홍 마차도 한동희 김준태 ,2,13,1
2020-10-31,NC,KIA,신민혁,임기영,이재율 나성범 박민우 양의지 강진성 노진혁 김성욱 김태군 지석훈 ,최정민 이진영 황대인 이우성 한승택 최정용 백용환 김규성 김호령 ,3,4,1
2020-11-02,키움,LG,브리검,켈리,박준태 서건창 이정후 박병호 김하성 김혜성 이지영 허정협 전병우 ,홍창기 김현수 채은성 라모스 이형종 오지환 김민성 유강남 정주현 ,3,4,1
2020-11-04,LG,두산,이민호,플렉센,홍창기 오지환 김현수 라모스 채은성 이형종 김민성 유강남 정주현 ,허경민 페르난데스 오재일 김재환 박건우 박세혁 김재호 정수빈 오재원 ,0,4,1
2020-11-05,두산,LG,알칸타라,윌슨,정수빈 페르난데스 오재일 김재환 허경민 박세혁 김재호 오재원 박건우 ,홍창기 오지환 김현수 라모스 채은성 김민성 이형종 유강남 정주현 ,9,7,0
2020-11-09,두산,KT,플렉센,소형준,정수빈 페르난데스 오재일 김재환 허경민 박세혁 김재호 오재원 박건우 ,황재균 강백호 로하스 유한준 장성우 박경수 조용호 배정대 심우준 ,3,2,0
2020-11-10,두산,KT,최원준,데스파이네,정수빈 페르난데스 오재일 김재환 허경민 박세혁 김재호 오재원 박건우 ,조용호 황재균 로하스 강백호 유한준 장성우 박경수 배정대 심우준 ,4,1,0
2020-11-12,KT,두산,쿠에바스,알칸타라,조용호 황재균 로하스 유한준 강백호 박경수 배정대 장성우 심우준 ,정수빈 페르난데스 오재일 김재환 허경민 박세혁 김재호 오재원 박건우 ,5,2,0
2020-11-13,KT,두산,배제성,유희관,조용호 황재균 로하스 유한준 강백호 장성우 배정대 박승욱 심우준 ,박건우 정수빈 페르난데스 김재환 최주환 박세혁 허경민 오재일 김재호 ,0,2,1
2020-11-17,두산,NC,알칸타라,루친스키,박건우 최주환 페르난데스 김재환 허경민 오재일 박세혁 김재호 정수빈 ,박민우 이명기 나성범 양의지 박석민 노진혁 권희동 알테어 강진성 ,3,5,1
2020-11-18,두산,NC,플렉센,구창모,허경민 정수빈 최주환 김재환 박세혁 김재호 페르난데스 오재일 박건우 ,박민우 이명기 나성범 양의지 박석민 노진혁 권희동 알테어 강진성 ,5,4,0
2020-11-20,NC,두산,라이트,최원준,박민우 이명기 나성범 양의지 박석민 노진혁 강진성 알테어 권희동 ,허경민 정수빈 최주환 김재환 페르난데스 김재호 오재일 박건우 박세혁 ,6,7,1
2020-11-21,NC,두산,송명기,김민규,박민우 이명기 나성범 양의지 강진성 모창민 노진혁 알테어 지석훈 ,허경민 정수빈 최주환 김재환 페르난데스 김재호 오재일 박세혁 조수행 ,3,0,0
2020-11-23,두산,NC,플렉센,구창모,허경민 정수빈 페르난데스 김재환 김재호 최주환 박세혁 오재일 박건우 ,박민우 이명기 나성범 양의지 강진성 노진혁 박석민 알테어 권희동 ,0,5,1
2020-11-24,두산,NC,알칸타라,루친스키,허경민 정수빈 최주환 김재환 김재호 페르난데스 오재일 박건우 박세혁 ,박민우 이명기 나성범 양의지 알테어 박석민 노진혁 강진성 권희동 ,2,4,1
